# REGION: santiago, MODE: lpc, PROCESSED IDs:   3 4 5 6 9 17 18 19 20 10
1.709134459805525452e+01;1.529627343127037964e+00;5.282952138562091449e+00;-1.503421113428296430e+00;1.702491176750455359e+00;-1.538665182247199947e+00;2.633688985148522566e+00;9.270016977461770225e-01;1.914778928402824043e+00;4.839307497914074330e-01;1.054539202505149209e+00;4.916779720965676059e-01;2.105761638223265564e+00
1.205162900640467960e+01;4.096871374948336531e+00;3.904323554519621542e+00;-1.492829893019087972e+00;1.299467086776418423e+00;-1.380872094962724894e+00;2.006338712007658120e+00;1.084253992351855489e+00;1.238938314742139779e+00;-4.392037738184018103e-02;1.883329083219635658e+00;2.687191324842781004e+00;2.454572715422078222e+00
5.283066475488399583e+00;2.474086642301410510e+00;4.625047693043031316e+00;2.108057440438939611e+00;2.158634323347086603e+00;1.256934846662121963e+00;2.788925041980337305e+00;1.685759677575025428e+00;1.765344015160050350e+00;1.433432700115183644e+00;2.021197220451795395e+00;1.285451314475257512e+00;2.844557296111504208e+00
1.012603464507600393e+01;2.692507274650323801e+00;4.886846484272529878e+00;-4.924772713199474516e-01;4.661818858224116013e+00;1.441026488714425735e+00;1.708598842213194136e+00;4.334474055295234329e-01;1.009282542855891585e-01;-5.373933123666108091e-01;1.394177073161408265e+00;2.126021400069884493e+00;3.141108519440728664e+00
6.780593152129385182e+00;1.018997795809000451e+01;5.165902520451025381e+00;2.615348573188646775e+00;8.897103632878674562e-01;1.603555841571463469e-01;-3.636830518764951892e-01;3.047937731767916270e-01;1.668330090402881383e-01;6.984967549441829515e-01;8.816999485706291662e-01;6.463089585974377549e-01;-9.943341365363400630e-02
1.563662328779222399e+01;9.838056786637139339e-02;5.614865694279907338e+00;-8.367403617005402250e-01;1.924951264269621598e+00;-5.094179368497409044e-01;1.787408344570962093e-01;1.255017536698850300e-01;2.041034316787435632e+00;2.319707034098907439e+00;2.721272359283872344e+00;1.587942430309135400e+00;-1.401955510159155427e+00
1.605755972481101423e+01;2.842789028356480507e+00;5.277638493992331981e+00;3.787719700610994167e-01;3.105052364055464587e+00;1.732335584033693143e+00;4.244788962848373703e-01;-7.621559572409903893e-01;-2.442427598194328309e-01;7.274044252696878488e-01;1.126553327836884666e+00;-1.440426697960234259e-02;1.907160523719374501e-01
1.273871821301431240e+01;2.296217905728417108e-01;5.636987554843623016e+00;-2.860686162381258502e-01;3.703359517709403192e+00;7.328477125878681830e-01;1.608335197208588419e+00;-5.261290774328905018e-01;1.474894832771899367e+00;6.485186595244480934e-01;1.159277622773301708e+00;2.673665872466439719e+00;1.731319664017486826e+00
8.843861816101883377e+00;-3.459834567152255680e-01;7.177737788108872863e+00;1.221323869594358236e+00;3.420731745801243839e+00;-2.301457206597912197e-02;2.454384315286549878e+00;2.117245700993817259e+00;2.958128871560457895e+00;-2.331321865186715692e-01;4.346062602079808213e-01;1.486902754783605562e+00;2.621670206854317176e+00
6.318193466869470143e+00;3.202066049636257183e+00;6.848272080351272884e+00;3.581477211216836931e+00;1.942412810738175732e+00;1.133202243180581492e+00;3.682956648458184823e+00;1.022382454835835564e+00;1.273792219234480161e+00;5.576300156293911847e-01;4.641836843277001301e-01;6.210736938966504583e-01;8.574362449824778354e-01
7.273179929767223051e+00;2.144310623232931423e+00;3.856356865381904253e+00;-1.479938067424053649e-01;4.419504521338621927e+00;-4.259479166715450793e-01;2.354529800618081037e+00;1.269367063062799783e+00;1.767708024536463807e+00;2.417975793786618421e+00;2.903824650397990315e+00;2.014379985504131554e+00;1.196811288558161657e+00
1.477715409952024750e+01;1.472868799901780434e+00;2.696022719417888958e+00;3.855895965272337911e-01;2.711447329471115886e+00;-1.590884985925616890e+00;3.668685184850176029e+00;1.567702371731613864e+00;1.689638154233429779e+00;1.462678105049234345e+00;1.318059293469170834e+00;6.486834260711673572e-01;6.053072917963040478e-01
1.964412402352722964e+01;4.859130775929829671e-01;3.184354991610783614e+00;-1.185552794949930711e+00;3.685834347957302359e+00;-1.991345682039875165e+00;3.191221023270662371e+00;1.430580887791188971e+00;1.497272246297988829e+00;1.190009335260306500e+00;1.082659996571955219e+00;1.693507980199468466e-01;6.597878377741517308e-01
1.370656410514722268e+01;2.324267731732442943e+00;5.859304139271754863e+00;6.642554146163609508e-01;-2.489268515425833161e-01;7.568629228117187413e-01;3.146673777653029802e+00;-4.405002245801120653e-01;1.565525309967010781e+00;1.112177004024927696e+00;2.569264565428624469e-01;1.146723920919739070e+00;1.156700841562534388e+00
1.284628514881871197e+01;8.331490867999651329e-01;6.436508955060221027e+00;1.583619086906081996e+00;-1.340568869528346863e-02;8.596940837761339882e-01;2.971209442325289274e+00;4.671660505879704495e-02;2.199230676132234663e+00;1.621230066947876969e+00;2.392481758948663551e-01;1.106695436825990697e+00;1.829033707435518075e+00
1.231682433794930098e+01;1.630825286426516474e+00;5.577601291049745669e+00;-4.843477982079309463e-01;3.044076771138149784e+00;-1.745217233373741461e-01;2.444778471023778543e+00;8.364192714147949959e-01;1.006419982411185465e+00;7.328791765759155030e-01;2.143545584685835337e+00;8.971700408355456346e-01;1.311226975983492693e+00
1.628021690434275826e+01;-2.911576199077483551e-01;5.422247029247495576e+00;-2.658945051281505378e+00;2.917583909466960002e+00;5.708808474727400384e-01;2.292872294871799888e+00;1.476409511488489645e+00;2.644621627979796497e+00;1.180434598105436272e+00;2.629285023736416704e+00;1.126380568487556633e-01;5.719642028151845636e-01
1.562304060930630278e+01;-6.027704775761355549e-01;5.383710993242924125e+00;2.917892198631579781e-01;2.509335318570976803e+00;-5.814378693824189259e-01;2.324930882724594916e+00;-2.140432367843901895e-01;9.174800538183692789e-01;1.696223783831811938e+00;1.691268546800170247e+00;1.898442417100033142e+00;1.748761152854389822e+00
1.385590744470708557e+01;3.189650864344162340e+00;3.378021181716976518e+00;9.923478816465453045e-01;2.907651458163049707e+00;2.862571058047352901e-01;1.260951968408649204e+00;2.409413728892578210e-01;3.615591781669069138e-01;2.106002728838711313e+00;8.146949855805107887e-01;8.415134677006291808e-01;1.415163627471195618e+00
1.410118186060200784e+01;3.544138739664172366e+00;3.753145804327033819e+00;1.014187819983861649e+00;1.087657589232044808e+00;5.575073809287163229e-01;2.573133526627114254e+00;1.027861201772595656e+00;1.679405791806166448e+00;4.393076042322591190e-01;1.672516517499903710e+00;-3.794436839336914336e-01;1.430564004123324962e+00
1.135919000210985175e+01;6.166215052693533316e-01;6.173076793912187554e+00;1.962619822112654289e+00;2.087158380924496903e+00;1.040332068904403773e-02;1.946971801145917613e+00;8.899244146158523661e-01;1.623581597369105456e+00;1.088937231192952382e+00;2.237010869480926978e+00;4.736007628393101299e-01;1.105619446943107542e+00
9.982115760030128016e+00;4.688916125914550648e-01;8.698247077104337421e+00;1.893382023523977775e+00;2.681050761215348022e+00;-2.046539944299732738e+00;3.022889001399173381e+00;6.909348051488142239e-01;1.086258995579314934e+00;5.517360348820131710e-01;2.147778585092446679e+00;1.420764386193437145e+00;2.363690972304373972e+00
1.125930377500574764e+01;3.071312867860915841e+00;6.654830826701335411e+00;1.460438133263588956e+00;2.637481228364348507e+00;-9.932922587031649542e-01;3.993874833743396024e+00;5.956074115433539484e-01;6.404205522582894217e-01;-4.774825442091635841e-01;1.108053652856757498e+00;8.022150519831532378e-01;6.069805954761156030e-01
1.188453430864047533e+01;2.622527108812717334e+00;6.645816754697406736e+00;2.436983146154680924e+00;3.682931931544299431e+00;-5.166911212561686728e-01;1.436806542396005693e+00;-1.351791075121814290e-01;1.168861412888043461e+00;-8.835262062220126111e-01;9.629221590419461130e-01;6.297406648939886109e-01;6.927717303865846832e-01
9.836294733296789161e+00;6.712739068927025876e+00;5.034818300143995451e+00;2.388145013103006420e+00;1.298837536498904877e+00;8.491529895163705266e-01;1.501754366639604710e+00;-1.663982812100212594e-01;4.747001063818700461e-01;1.543725540505325178e-02;1.650753332257041794e+00;8.124094327167563634e-01;7.475443492903997011e-01
1.197167820427382523e+01;6.542572171240743195e+00;6.365800096421156518e+00;1.190448400641622939e+00;1.512709161283973813e+00;-4.014930140175041462e-01;-8.731265421379252878e-03;-2.621286735503292054e-02;1.224356698646853925e+00;-1.609133083633650929e-01;9.573331095241839339e-01;1.135801920075010241e-01;9.855084219765075648e-01
1.230591253197770740e+01;3.896749877289507946e+00;3.965438368525373125e+00;2.002687886289823194e+00;3.007084262646339656e+00;-2.613855450182777096e-01;1.649444360827881706e+00;6.930942988037835928e-01;1.096601165172667924e+00;3.745665314264700063e-01;1.781037383788625750e+00;-2.281191625984887450e-01;2.704057624939287252e-01
1.672847567917979106e+01;-9.418389769107271547e-01;4.216507696351839307e+00;3.901747021108354918e-01;1.549808514346824095e+00;-8.216822606711892130e-01;1.080209474910508671e+00;6.439175599070674494e-01;2.231045670909186818e+00;1.171934853764775575e+00;1.991003452597979617e+00;1.638939453297743487e+00;1.333808541025653938e+00
1.629197714598423730e+01;-1.389727202323034483e+00;4.457534333569292961e+00;1.080792739729264929e-01;2.005811383169746165e+00;6.528444647679876311e-05;2.155084573574552742e-01;1.041128415181381550e+00;2.494599602010033834e+00;1.887172501299769989e+00;2.124893980779503533e+00;2.408763230795362809e+00;1.118931996526876249e+00
1.216645282990591248e+01;4.456799469834477279e+00;5.437203822815700249e+00;1.017909421139189474e+00;3.383843605348213934e+00;-7.855136706877688946e-01;1.095797152638867011e+00;1.886743409628634627e+00;1.321013452782443753e+00;2.067930862770331890e-01;1.176654763747710941e+00;3.781781297131338593e-01;-2.864202884986966069e-02
1.214416531480699213e+01;2.408894663069493625e+00;6.024753067913363402e+00;-4.602860416763894236e-01;2.951123682136192805e+00;1.118143821249244940e+00;1.587803238334719591e+00;6.925410215592620045e-01;1.152843091022022426e+00;1.125046908612141294e+00;8.963696801561538141e-02;4.611420867811713009e-01;1.634354501178061359e+00
1.201245250010140708e+01;2.378482922947545042e+00;4.448350948672772809e+00;2.601361839175826418e-01;3.601580440941202887e+00;-9.046697357516242377e-01;1.629717948727726018e+00;9.465076107168288733e-01;1.084585232139952504e+00;4.786093672018498779e-01;2.378994204399546675e+00;1.657685187924529346e+00;1.003401987077604973e+00
1.557407495956055854e+01;-9.938758770637887707e-01;6.108151575673152145e+00;-1.345872848981309655e+00;2.450608813857925838e+00;-1.687350655933543830e-01;2.210880868329404336e+00;3.574949705796350852e-01;5.030430311382072528e-01;9.006905188476863611e-01;3.035091752793318776e+00;2.311612078131539683e+00;8.511168292907533850e-01
8.274462803660945553e+00;8.699366891052027206e-01;6.133914300199231562e+00;5.022832932429294184e-02;6.934587309845026137e-01;1.463314673268166555e+00;2.859346057973190636e+00;1.239073789309360407e+00;1.006625043042172152e+00;2.402351112735304994e+00;3.087283782463894788e+00;2.685253432616126368e+00;1.637046304637445715e+00
1.699518087435545510e+01;-2.176666123857974533e+00;5.366479781460356868e+00;-1.470066715390756729e+00;2.082893928734344868e+00;1.885416163636002729e+00;3.250870770629574302e+00;6.876818981338599368e-01;1.204743611043793683e+00;-4.752985600786426845e-01;1.635776141488851199e+00;1.792184652945781220e+00;3.650180606434588748e-01
1.007739409913760831e+01;4.228522712279914941e+00;2.689491056979236294e+00;-4.206005070924754285e-01;1.523283546087701223e+00;1.840468837798457269e+00;2.326425935375281195e+00;1.742590761638605601e+00;1.680586914225791650e+00;-5.359052386560758663e-02;1.769699525573764198e+00;2.163443125549358026e+00;2.014323143733065091e+00
9.923963141533372223e+00;3.593556028909192790e-01;5.519404387552617308e+00;2.525242761055414675e+00;3.196811804224989118e+00;-1.149561631126906125e+00;1.530498120404576667e+00;5.578707869420287402e-01;2.183569862219066238e+00;1.834009242798482653e+00;1.361189923762519349e+00;2.211107179754422170e+00;1.969054048028122672e+00
1.443969219955867977e+01;1.119818986652248993e+00;4.913293794051711849e+00;3.039516402127258043e-01;1.663213299311973481e+00;-8.971038042147477798e-01;7.475218572229899161e-01;-1.279728668178754525e-01;2.157475176054342469e+00;2.078618254890951533e+00;1.274292792864073709e+00;2.399577537499104185e+00;2.125740945037986496e+00
8.902787376798819707e+00;3.757318110420429846e+00;5.427657436373547029e+00;2.667132504066489496e+00;-8.800906471690228550e-02;8.120226919259134757e-01;1.543357329935975075e+00;1.048013145751619302e+00;2.956992167345046330e+00;1.688722178843790722e+00;1.657062826554659640e+00;1.516142066615304262e+00;4.890996083861373078e-01
7.185472357671954136e+00;6.950367203191697207e+00;6.253257190817438804e+00;3.658896899371613110e+00;-1.044532585293979743e+00;8.051816122289769950e-01;3.298769624424352287e+00;1.585082721630089786e+00;1.623238995266614859e-01;2.204186233933769223e-02;1.377512460753368861e+00;6.854714821742774467e-01;-6.024117701654420065e-01
7.838388921367176465e+00;9.092330304643374106e+00;5.397306714470229139e+00;5.032890461856799114e+00;1.183285251709363939e+00;1.014055951047105442e+00;5.854483311357067121e-01;-3.006892830621671342e-01;-1.051127685252476684e+00;2.595588203910317304e-01;7.896840478186284429e-01;-5.211643820695905926e-01;6.768543228416408208e-01
1.298083241222964901e+01;2.150156274278085533e+00;4.758812460858179882e+00;2.026641435212296560e+00;2.188331279675554963e+00;8.326521272495859272e-01;9.709115612383953930e-01;6.972419691605837855e-01;1.022193609624223898e+00;4.695005545667961244e-01;3.605075895015978360e-01;3.745884713697176238e-01;2.462914158548476173e+00
2.034504791309026928e+01;-3.250758013048031803e+00;4.055355272305574132e+00;-4.147789667853265527e-01;3.860445911520938189e+00;-1.259078370059365071e+00;2.983815208892890425e-01;1.475858403717828171e+00;1.831596844110687794e+00;4.870163667843930289e-01;4.204903394271843342e-01;1.159947728184164362e+00;1.520527856077428019e+00
1.734373323732810945e+01;-1.768171322992493355e+00;5.395964149968982326e+00;-3.507285447849752824e-01;3.688381305087153450e+00;-5.889307119393137890e-01;1.124455519791684122e+00;7.173550694125729876e-02;2.526630154942810069e+00;4.546479779901224649e-01;2.069714568305814240e+00;1.560549670392918253e+00;1.587931071418593687e+00
1.686031486794048462e+01;-6.899262631858520400e-01;6.987748196221625463e+00;-7.324355760643985747e-01;3.261804440251314219e+00;7.695495175044412273e-01;2.745402405077147279e+00;-1.413935653541166459e+00;9.805916372640702816e-01;5.730493022616791610e-01;2.445792013649708885e+00;-2.949330022577831834e-01;3.953526008929553193e-01
1.311687323895874258e+01;-3.055672639706252802e-01;6.393951430402552205e+00;4.304430063150102015e-01;2.829048079333086108e+00;9.858340966282532758e-01;2.366679244894020151e+00;6.868787203966775223e-03;2.357868033304420408e+00;5.730385255464085503e-01;2.037037759263336412e+00;9.923113048768621436e-01;6.063787419163422232e-01
1.264127835345752260e+01;-5.725159480404911072e-01;5.569886549314203350e+00;-8.781907600457516949e-01;3.184715654991476796e+00;1.309406152443337357e+00;1.820336621998751570e+00;4.602790435173231831e-02;1.319703455570138573e+00;1.622602118784296943e+00;2.644987004345017212e+00;1.490727262147253818e+00;1.816578717135878485e+00
1.485819590619224506e+01;4.129536513794183072e-01;7.517895674170187448e+00;5.600739561889547247e-01;1.668361286881861805e+00;-1.274410518357456334e+00;1.502403696468224359e+00;-1.615319473039269482e-01;6.442322846139854065e-01;9.836032561030225718e-01;2.080382506317825175e+00;1.556109580158858030e+00;5.813421432856658022e-01
1.409540073636789970e+01;1.491160232764607851e+00;6.622977843257286779e+00;1.610489122981051180e+00;2.084172034886211389e+00;2.894300479271397220e-01;1.036722660375299920e-03;-6.445090843163517880e-01;1.623608388690068960e+00;1.167839807659319495e+00;1.857404960087890577e+00;8.897447453152736996e-01;3.021847922386436958e-01
1.158448274871115657e+01;1.308091163628247067e+00;5.297522212812508791e+00;2.177388579499009769e+00;1.732942604926800190e+00;1.549898380013856602e+00;-1.383913572616413123e-02;4.370320230969836350e-01;1.775651014873370404e+00;1.662665753166391092e+00;2.759638848293440638e+00;1.715867604175122629e+00;-6.726504001616637751e-01
9.811173029366109688e+00;2.040082164933280318e+00;4.208040997999790811e+00;1.619551258692113027e+00;2.405017997671160312e+00;2.048106936570512460e+00;1.216776364847317771e+00;1.457834356165517153e+00;2.161215394719473881e+00;9.139520376936801638e-01;2.063106221550514707e+00;2.263109690378342975e+00;1.014868867537219721e-01
1.129425045772223513e+01;6.160057549499939888e-01;4.272572646632628590e+00;1.339842170615895389e+00;4.691813789606925411e+00;1.342282176326996090e+00;1.421631789287179259e+00;7.472131991349196811e-01;2.250785291744844763e+00;3.354099965816857432e-01;1.146165443954018315e+00;1.607852961518756452e+00;1.222469487164727031e+00
1.441833084181196867e+01;1.283994713012225342e+00;4.297079020703124641e+00;-6.890046564921736838e-02;3.297166834667724977e+00;6.924599842931800087e-01;1.288115617742499053e+00;-4.998332734907590114e-02;5.766093526661864033e-01;-8.826489396325445380e-01;2.286658046516418352e+00;2.079548227603638999e+00;1.862548272286983941e+00
1.493994532348545690e+01;-3.094845547343441083e-01;5.635710472683840955e+00;-4.278698542987229292e-01;2.643842405545986374e+00;3.678897272093895054e-01;1.344095837099002211e-01;3.494777288103998458e-01;-8.480305803094356776e-02;5.798273818197097196e-01;1.150208199108287976e+00;3.352382225742589483e+00;2.826470473215345613e+00
1.494566839960569737e+01;-1.930268711545363391e+00;5.463330790682800142e+00;2.409307187571405606e-01;3.178874479037464784e+00;1.279429210229260927e-01;1.643429278645086034e-01;3.813340379066912922e-01;1.549762576143228543e+00;4.294016595262462044e-02;1.817357240093665727e+00;2.655510978907334341e+00;2.146196988409474038e+00
1.204600719730225400e+01;3.992393907474820480e-01;6.937954014952983250e+00;1.279879883320907519e+00;2.058565913915614054e+00;2.604583621519894754e-01;5.582966771621721280e-01;5.752696355204098833e-01;2.050904012892234896e+00;2.900410105286285178e-01;1.942328512423912468e+00;1.771573670701715564e+00;1.616682854610171916e+00
9.781112432312793814e+00;3.714223801245670309e+00;7.394056724491911758e+00;1.267341570530455819e+00;1.468987381961872174e+00;-3.782643333538411312e-01;2.361223610364986680e-01;-1.247427748750459919e+00;2.086039367770106123e-01;3.549988163324522272e+00;2.005929099599772503e+00;1.703989555024308267e+00;1.313704062952196328e+00
8.485731072784952644e+00;-1.792010042926523994e-01;5.594865384802244712e+00;5.500985528498285593e-01;3.122871401592090201e+00;8.199909490315150373e-01;2.288786134343455902e+00;2.995638610959051817e+00;1.787386422079394244e+00;2.602564180058761778e+00;1.497684069909890781e+00;1.337014746457492187e+00;1.813958038219489310e+00
1.167311600847987130e+01;2.491714568596998802e+00;5.608523480790287508e+00;-1.673326665636018618e+00;3.144107590441939770e+00;-8.599416033659568193e-02;2.052704115088490155e+00;1.757375320273403041e+00;2.361493607515549265e+00;1.623692210703795213e+00;7.975056738201058426e-01;1.045396550813875836e+00;2.269836590724396252e+00
1.627695722418394197e+01;2.847174836963664024e+00;5.299301771377326276e+00;-3.733952234465178321e+00;3.434564392703534530e+00;-9.514094706571156745e-01;1.359353939609398099e+00;-3.817019815232352009e-01;1.766196429529145462e+00;4.480589300681939724e-01;2.935961107953263260e-01;1.525696791619300718e+00;2.478730693456552281e+00
1.725330621238099837e+01;-2.778597843497731201e+00;3.541852440490949494e+00;1.171821976761327599e+00;2.573869089790401077e+00;9.730687441883316691e-01;1.788353015189303230e+00;1.398855847136207364e+00;1.266987061837779427e+00;5.836670178809377774e-01;1.138668664391762508e+00;1.328180094032645142e+00;8.802516441003580550e-01
1.583419252489928120e+01;-2.973050433452026020e+00;7.875125610011999733e+00;1.580261610924439841e+00;2.548103930017655117e+00;-1.551059702054551126e+00;1.306140789591034190e+00;-3.644061067164157119e-01;1.554452174880620818e+00;9.845056395955198436e-01;2.284071415991164145e+00;1.929693855005736314e+00;8.680239114134596923e-01
1.489131688914410923e+01;-1.828884712956391212e-01;6.701170862797203753e+00;3.497282884882431109e+00;1.990993128878761897e+00;-3.150277566688456155e+00;1.648102705974486604e+00;5.252408427019160664e-01;5.515994402951390763e-01;6.011753256198386630e-01;1.730013537571895021e+00;-3.909314257184666186e-01;1.926487542289276877e-01
1.592722868429159533e+01;8.954932246098703530e-01;6.040684725491925811e+00;1.022227933275907441e+00;8.763872344287013672e-01;-1.403717157445046437e+00;1.766228481269587869e+00;-5.004095062525304449e-01;-7.534769573908017826e-02;-1.897735544709782118e-01;1.861072181628312450e+00;1.388537843597225319e+00;1.353661680568320591e+00
1.777046658400108115e+01;-3.092344446963428695e+00;4.600866817452831548e+00;-1.231453176478702449e+00;3.696537470086595167e+00;3.223038779024798295e-01;2.908965629637231043e+00;7.198583962777485024e-01;1.247801243812465044e+00;1.515549868054602456e+00;4.250046658691893908e-01;1.824215659965766623e-01;5.644531075254562991e-01
1.507575740815404686e+01;-3.617447041087415549e+00;3.374069336882518755e+00;-1.956043799843902420e+00;4.211094124936948901e+00;6.357757234284888703e-01;2.860066296960785515e+00;2.536038967706139013e-01;1.367012915603983636e+00;2.984244328567273286e+00;1.700408723593724636e+00;1.640378484635639955e+00;2.118094795099231042e+00
1.800446938601509217e+01;-2.174427486888920402e+00;3.895033169369250370e+00;-1.055676191306200717e+00;3.121777873641119694e+00;-6.011726358563274086e-01;2.332116483837208598e+00;8.482089374576641250e-01;2.424572967501456677e+00;1.688157293459365604e+00;3.123022473506288366e-01;1.399235669640011004e+00;7.335653999575351136e-01
1.776646933516704507e+01;2.946752114379802556e-01;4.889680856999616410e+00;-1.556503791226492517e+00;2.498821828236103215e+00;6.698865559474835862e-01;1.742860034623668675e+00;-4.819048009499904417e-02;2.367327262900461804e+00;1.547068291204553692e+00;1.401433804988819976e+00;1.114235824390644058e+00;2.819566126217639690e-01
1.214103174143611952e+01;3.963082077822585259e+00;6.191826592154713538e+00;-9.791330915094755838e-01;3.544673745103312790e+00;1.214986166618256869e+00;1.293309591471672571e+00;-6.579296112787633710e-01;5.955180999774976058e-01;1.425978336485723419e-01;-4.053978191668670128e-01;3.998160590178908569e-01;1.509930691942984016e+00
1.448569255966344116e+01;1.743824256497134462e+00;5.701845717382227008e+00;-1.081883401634892827e+00;4.229802167070292995e+00;-3.275605640951857467e-01;4.894176897934183756e-01;1.900800496332154532e-01;1.533930224341838233e+00;-1.726323952496469527e+00;4.663470346500501185e-01;1.705965407276180734e+00;3.399752774687534007e+00
1.389953754219920157e+01;-2.982366600274688473e-01;5.693881279546767260e+00;1.881425942839811016e+00;4.760734354589053474e+00;4.826463091192269017e-01;1.761473134977316057e+00;-4.194064895961604478e-01;1.349211024478404353e+00;-1.254361938909505092e+00;3.211411876217576955e-01;8.505153978869306464e-03;1.247064274706939369e+00
2.049208484218025461e+01;-3.237903914406254913e+00;6.965003369974029468e+00;-1.146788445286117231e+00;4.166238875028323463e+00;-3.018952721710306264e-01;1.737513091932565423e+00;-1.337300244296276697e+00;1.788765046556444416e+00;-6.177910650910645174e-01;-7.732740524160295337e-01;-3.109485364521897832e-01;2.752822942552570318e+00
1.426638847887309502e+01;-2.530405544290181385e+00;6.529901921515515184e+00;-8.810259778124003294e-01;4.797156546177886227e+00;2.213798345170061577e-01;2.586474535407272235e+00;-1.083254137825921504e+00;7.822073260835262776e-01;1.983691614741631248e+00;1.373383766027570285e+00;3.601226063765117225e-01;1.800016306962498369e+00
7.673110137418353460e+00;1.038925145297216357e+00;6.421100017273925431e+00;-7.207155960812017259e-01;3.044646472395995396e+00;2.478779291331748347e+00;6.609465512871405268e-01;1.539913667777638384e+00;1.200089418493362814e+00;1.665386815929522424e+00;2.607129469709371872e+00;1.115760147964481197e+00;1.552417511197365707e+00
1.353339158793663977e+01;-1.895865899146001343e+00;6.443685113804205500e+00;-3.874610753768618743e+00;2.579394581072337544e+00;-2.625870972484030119e-01;2.832638942485415257e+00;1.186851380497348174e+00;3.790124859155259429e+00;1.120664138157561940e+00;2.813462822903822325e+00;8.189452560361886180e-01;1.964981407201535912e+00
1.587457291819722016e+01;-1.285224022969094104e+00;6.255086788511622586e+00;2.635086517576172849e-01;3.360728417320559380e+00;-1.536774022263248440e+00;1.557969202490723681e+00;3.024994633201678607e-01;2.773803406027962382e+00;7.272710241700331979e-01;8.811697800741308262e-01;-1.905905812134002231e-01;1.695894736500883848e+00
1.391239068633506548e+01;-6.077283399445732037e-01;4.910254649704993923e+00;1.409170297880358191e+00;3.152423461683684813e+00;-8.622511795835332560e-01;1.358844567366588985e+00;-2.992941668971103031e-01;2.189383862430174688e+00;1.935938655826561439e+00;1.924516877228728662e+00;7.385241189177668142e-01;8.266699231592727903e-01
1.629779328383826709e+01;-4.090671210113215217e+00;6.504583928315633479e+00;-3.255523440410603708e-01;3.266515588080877386e+00;-7.446986505426667069e-01;2.450673664161562293e+00;9.259381840784208784e-02;2.232433590392808753e+00;3.029750799473367451e+00;3.425752163052972143e+00;-3.382370195500383203e-01;-6.055568185884310228e-01
1.890491246737973796e+01;-3.838506043719863481e+00;5.321632631381582712e+00;-2.392700401313801351e+00;5.356850595890644939e+00;3.782718600109411522e-01;2.322294079788553844e+00;-3.850256022434099812e-01;2.027198873657703793e+00;1.747432593769020492e+00;1.393958936781757529e+00;-4.933061963446128684e-01;1.070513675296914657e+00
2.303597706982625226e+01;-3.364055757903710475e+00;4.561959871942388389e+00;-3.595301377147130939e+00;3.788230706147030613e+00;-9.391584658153542264e-01;1.885524897180382631e+00;-1.174987717832942202e+00;1.427476418407104042e+00;9.500329535194387276e-01;2.049441981211192143e+00;-2.408551074033300488e-01;1.373746545474408887e+00
1.343560558609499367e+01;-1.622588668200416695e+00;5.954450240282662676e+00;-2.469639614918748283e-01;1.276292068370649568e+00;4.702031403374112850e-01;1.920251871670262123e+00;3.200968157498462752e-01;3.120362220576501588e+00;5.669605042748925294e-01;2.033646157062507953e+00;5.952408055791905683e-01;1.720199520160174966e+00
1.639901815977306754e+01;-3.312318917815148644e+00;8.562693030142661144e+00;1.896958269455462087e+00;3.322595079580798583e+00;-1.202423394967300663e+00;9.267250464976206636e-01;-1.106319676647532724e+00;2.214147051562900259e+00;5.351582305434063880e-01;1.481582632856372372e+00;5.860901704118902655e-01;9.054836465808518975e-01
1.413396435688897412e+01;-5.308934373001979345e+00;8.456373346034524729e+00;2.006994016735654363e+00;3.449249456435821592e+00;-1.332006580117476524e+00;2.032837869099702210e+00;4.785953812972773003e-01;1.365751151920385098e+00;8.797846194767527939e-01;1.110602717157346486e+00;1.497500756256082255e+00;1.463766973437892194e+00
1.209574724898324938e+01;-7.090326699919398123e-01;5.258391788769834818e+00;1.893600052894804042e+00;3.727495009762703759e+00;-2.112686031452932767e+00;3.191007185589405104e+00;-3.899594859749115905e-01;2.885294891105294024e+00;7.874798484511370544e-01;2.060434197604788409e+00;2.547687755642827234e+00;1.341447640636012295e+00
1.208861009519393193e+01;4.381032231822995726e+00;3.565984033202045822e+00;-7.016872033200383107e-01;5.224437892081545964e-03;-2.656514440346737782e-01;1.429915167371356599e+00;1.689076941899010587e+00;1.591397288212163863e+00;2.747852426272762827e+00;2.047583591233931521e+00;2.545346869011208657e+00;3.049797810878827065e-01
1.082809026043820921e+01;4.556991630869113408e+00;5.886709905193036718e+00;2.135035869422293953e+00;1.778210427401257787e+00;3.186000477131212261e-01;7.764279261087163597e-01;1.542085785228389794e+00;1.939783443358550796e+00;9.854357097945756205e-01;1.201843504277271046e+00;1.293961974636690382e+00;-6.904502680981453588e-01
1.564524448817134150e+01;2.089223447682844625e+00;6.925593399763307900e+00;-3.995760555199422415e-01;1.267925615600083988e-01;-2.161355343335166879e+00;2.820857360895663746e+00;1.829663004476147492e+00;2.338890806212626572e+00;-5.021375751094736550e-02;1.328648402402224038e+00;2.742903368102588058e+00;-1.003169729778653263e+00
1.280383959762531809e+01;3.491077041202735209e+00;5.927309689618152966e+00;1.154594370597232800e+00;1.332175033912986972e+00;-1.133752861511675647e+00;8.124397714312013852e-01;1.089056969687592691e+00;1.061182970483957710e+00;4.645285662023588280e-01;1.419005537286494922e+00;1.500408983541885233e+00;6.763979918286888715e-01
6.391392980016306069e+00;1.040438103514843071e+01;4.793550565849061584e+00;2.168005814384174279e+00;-4.268135036619022937e-01;1.594490675372820243e-01;5.101688003935850313e-01;1.676522344826137267e+00;5.142519737514444911e-01;1.766881675500769688e+00;1.324216783858121360e+00;4.048139217888302444e-01;1.378668720675135129e+00
1.145218947452564606e+01;4.834065117792877508e+00;7.184308860545633557e+00;-2.153041936891846309e-01;-6.962517134599395252e-01;-6.056159641783029901e-01;1.141620538354443326e+00;6.099217297777436153e-01;1.766718209835966391e+00;2.345890738681021492e+00;2.580822497800800530e+00;1.017479216789600738e+00;1.807923829257199966e+00
1.495178299077668171e+01;1.083868381613511289e+00;5.202158106389044079e+00;8.877411353851415443e-01;1.820398584824520327e+00;7.936419505738383506e-01;1.662174669623644352e+00;1.258279897265878189e-01;1.012157374816839539e+00;1.163634537764028920e+00;6.541749602057623791e-01;5.982232319952988098e-01;1.604422752138110919e+00
1.504705611114018815e+01;3.275861917424938596e+00;2.828408877016562961e+00;3.205270757015876715e+00;2.855267567890299230e+00;2.310470277520963567e+00;2.468099501361255665e+00;-1.416239983016764903e-03;2.551714319046493040e-01;1.152007267557976000e+00;-1.093879171207107870e+00;-6.084257963496679800e-01;3.117700950187570763e-01
1.325747671933025806e+01;3.956286501297729075e+00;4.734764668136261179e+00;1.467858400301064847e+00;2.854320964419910567e+00;2.440237615035562690e+00;1.927561570156268722e+00;-2.080089608474179896e-01;9.358122651433919970e-01;5.477627831788407509e-01;1.164158465548928101e+00;2.362961229520021134e-01;-2.092285797576502737e-01
1.343249392199902204e+01;-7.393699533461668416e-01;3.580747397849730174e+00;-8.963253696550914640e-01;4.151465511775969119e-01;4.632045211154338649e-01;2.268498961900040634e+00;2.458048101661990614e+00;3.534934819942326278e+00;1.109971008965467743e+00;2.394464390291893174e+00;1.878622162747293878e+00;1.671693959753139058e+00
1.309672276136027946e+01;2.017699792372551482e+00;3.832825922281689390e+00;3.684480344615037595e-02;1.324183641909608689e+00;1.621135752921147866e-01;2.259470065912250192e+00;2.821541754872396446e+00;2.231634944528208209e+00;1.149901281109229290e+00;1.515817862976079455e+00;1.636156064396129484e+00;1.634346007512541998e+00
1.415076271954296061e+01;1.880244280994495920e+00;7.518697623500640859e+00;-1.007005083249101096e+00;2.125735294295355793e+00;-4.073661768577533371e-01;8.625309777391400035e-01;8.840433676404795271e-01;1.036536326195144131e+00;-1.848538657731388923e-01;4.423415934602118460e-01;1.943337153954176610e+00;1.046750602967437160e+00
8.700530204517376021e+00;9.674243230637324942e+00;6.163265837262641433e+00;1.995491585901150611e+00;1.128652610197077077e+00;9.199314896712863510e-01;1.198979937472504531e+00;9.115842596033973955e-01;2.027731776609332237e-01;1.263936335909041198e+00;2.507077950192593274e-01;5.451596892526717753e-01;1.119858996225485959e-01
8.518304394552661307e+00;7.133059617846603473e+00;4.575836796102139559e+00;2.684921689096805508e+00;4.642575261517964957e-01;-4.749061659359081755e-01;9.097065063112472760e-01;1.521896099930892809e+00;2.291667813016047717e+00;2.640741669599508068e+00;1.421701303340756617e-01;1.107104399186834343e+00;5.649270808205073546e-01
1.198775315851483647e+01;8.945206558506766381e-01;2.873517332947269409e+00;5.818495588573202593e-01;2.276826809713424105e+00;-1.480096559120053223e-01;-3.183252855061308173e-01;1.642484226753349041e-01;3.404082156011280613e+00;2.585791967074574593e+00;3.307087050003828743e+00;2.114483717471485225e+00;9.414195794288029440e-01
7.666106726490800050e+00;2.031738920930059589e+00;4.225123856470188954e+00;1.990490030056734527e+00;3.466866729994116270e+00;1.548254887552813042e+00;-2.427379688725985751e-01;1.548522405245658096e-01;3.174004404083287767e+00;1.410103889017218393e+00;3.299192498616454472e+00;2.099643524150845764e+00;1.063550544641448381e+00
6.362568281343876642e+00;2.551783235529860860e+00;6.002472735733466180e+00;-2.312634118653124626e-01;1.178286601315470472e+00;1.880397296108918814e+00;1.797592157386042500e+00;2.838428525022899773e+00;4.502407737446215918e+00;4.993055523671760532e-01;6.118162722545743559e-01;7.788449015057827829e-01;1.361481197286350309e+00
1.624651770273188234e+01;8.317266373454772488e-01;4.682397596000654971e+00;-8.436501620708638516e-01;1.071682162824784568e+00;8.526400428210810789e-01;1.986646362867752647e+00;1.555368510011282845e+00;4.006890850877882215e+00;-1.836172892103088206e+00;5.594717715591803753e-01;1.087542623963031696e+00;1.360827872023213647e-01
1.159602506946362865e+01;4.240738581573713084e+00;4.090639658700184533e+00;1.202902853834157959e+00;4.524878837573376167e-02;4.539050179785010242e-01;1.035512756927682521e+00;7.880789457560961608e-01;3.268309940106596478e+00;-1.267341676040707910e+00;4.839655542761753249e-01;1.497775537120203948e+00;7.206107840535775910e-01
2.137592608550164641e+00;9.994430706595506919e+00;5.340137530725701964e+00;5.054153505795774493e+00;6.516506785879561114e-01;8.486463697630384218e-01;4.385389606611023172e-01;1.136512328187018861e+00;1.176459055689462740e-01;4.151930075945675647e-01;2.207255133996378849e+00;1.606832368897505248e+00;2.150997258880696261e+00
8.966472411530649111e+00;-4.847296434071073357e-01;4.860958150528496446e+00;3.603686408486515891e+00;3.860587010947004405e+00;3.084965240715840995e+00;1.994081309206059416e-01;4.016750164214016872e-01;8.277125123732090861e-01;3.641587134663581971e-01;2.870010726937012091e+00;1.114534494137485732e+00;2.619307190223262971e+00
1.691853344614993659e+01;-1.294518094038674683e+00;7.623704858609229085e+00;2.647053102375422906e+00;4.227585421861698833e+00;1.022197292066726604e+00;8.158210451634482219e-01;-6.217155286712581219e-01;2.573140277863334435e-01;-2.505615603672870506e-01;5.905489286033731577e-01;8.863329244209001700e-01;5.114749068165442836e-01
1.305514540718899497e+01;1.860696106689579743e+00;6.534225527796576394e+00;2.382701181785051414e+00;3.704909214660262240e+00;-6.060503333768643142e-01;1.232242134998153160e+00;8.075319452748208615e-01;1.840266250246716195e+00;-9.015075464029487229e-02;-3.457387855667848342e-01;3.559945071802735339e-01;-1.620435169504031436e-01
3.960968923708225731e+00;1.020175269337539348e+01;4.644400152342363697e+00;4.935892081294160683e+00;1.254547030170400923e+00;3.984045980174326651e-01;-1.204759575819660533e-01;6.741031352710886715e-01;1.598580122407530002e+00;3.802575960227385643e-01;4.669029606663188670e-02;-8.217981961159418480e-01;8.185948541464550532e-01
-5.308040535220211353e+00;1.267111955762793585e+01;4.606793652488985202e+00;6.587324110467639215e+00;2.256635400096993038e+00;2.516745827456390749e+00;3.752927199251704593e+00;1.442916959269927579e+00;-5.461099814210139680e-01;1.622977510362309195e+00;-1.180144216296457049e-01;7.550288487738614496e-01;3.524875100239101222e+00
4.867265017684362149e+00;4.627781073386797672e+00;5.177370155688485909e+00;3.120192441981012532e+00;2.440646530866960706e+00;-1.648201211898108198e-01;5.029414237630676965e+00;9.313875273584883985e-01;1.832131088671494212e-01;3.176444892496563255e-01;6.342280056667395360e-01;1.495940134786034381e+00;3.395331055780804075e+00
5.503334396347196567e+00;4.552428917001527964e+00;7.708847954607215058e+00;3.910182533497664537e+00;2.211036124557017146e+00;5.785654289525115068e-01;2.779326041876665432e+00;-2.957488476400314537e-01;5.791758167212783803e-01;-3.816028628391898714e-01;8.906258424461086509e-01;4.728860057132670547e-01;8.843837333144284329e-01
8.906812887450257676e+00;8.109077202743458557e+00;7.644350258564808875e+00;5.854140764082922388e+00;-1.667262894712171484e+00;1.547574253982941794e+00;2.067033831197843119e-01;-6.292046086381122283e-01;-3.532358181995876034e-03;-4.945409684167647035e-01;9.056475260213443512e-01;-2.802429183772430221e-01;3.245364961214748656e-02
4.282820510414095061e+00;8.084558181867032900e+00;5.505452057801467625e+00;3.550757991731932961e+00;1.528735118319776154e+00;1.545289392018242669e+00;8.999584102443657363e-01;5.974577591422488565e-01;-5.288507259139546557e-01;2.822244732196015349e-01;1.360797948241613264e-01;1.498430891050538616e+00;1.613560476631533680e-01
1.862222166046856842e+01;-2.129641391380213467e+00;5.235678195609123620e+00;-7.173626354234372560e-01;2.400877110116887536e+00;-7.414919058178351952e-01;8.276815617002538650e-01;1.120219976284795527e+00;2.319241406708081321e+00;9.266570509131561995e-01;1.690720429796878976e+00;2.653432287589376326e+00;1.573089319204436176e+00
1.493361008525768341e+01;2.272605081630229673e+00;5.983706184721976129e+00;2.474733017996640916e-01;2.223076758366195449e+00;4.985737291301975960e-01;4.653741158334842032e-01;1.246172187804551967e+00;2.471469956072193774e+00;4.828643843815332848e-01;8.484263168316703574e-01;7.801632858174719631e-01;7.886495280353139625e-01
1.653625921261873444e+01;-1.631887636035253220e+00;7.237218215318566905e+00;7.950532918428292461e-01;3.872991404831279461e+00;-1.168187350017828585e-01;2.944968496605387731e+00;-1.304254336259993430e-01;2.962255117843316299e+00;2.110306264290144895e+00;1.511287243073293762e-01;6.156443155785854549e-01;-3.000339305094912312e-01
1.796390250003022260e+01;-1.934549751359444958e+00;5.917633867568289574e+00;6.643701201926632827e-01;4.628033822678355946e+00;-9.393877629195637180e-01;2.323445104562743779e+00;-1.298959920873905993e+00;5.712902251855868085e-01;1.650424707146715075e+00;5.441469179271197776e-01;9.307434801078127151e-01;4.982317464230687221e-01
1.648872837917832257e+01;-1.715478605178701876e-01;4.620883327458050971e+00;8.117406860276386027e-01;3.101834333452044845e+00;-9.640488612224622500e-01;1.805063196660195768e+00;-4.040621387387932639e-02;1.879351877110188251e+00;1.956727706044733672e+00;9.084345260874684413e-01;5.062007508990957749e-01;1.582451667374674686e+00
1.378786538759831615e+01;4.936591460494574868e+00;3.743256014427329692e+00;1.505812590054128819e+00;1.815202366675388035e+00;-1.266132164674029781e+00;8.670453276916066931e-01;-6.443118294386465106e-01;1.222595449897815101e+00;5.591763538462659611e-01;4.293195222240793196e-01;7.767648295548295057e-01;1.517107256460572762e+00
1.596030222216954897e+01;1.930721858123682466e+00;3.797815809348353611e+00;-1.706023127953737895e+00;5.854652698557799795e+00;-6.045662625241821075e-01;1.144986821763012586e+00;6.209036564059633445e-02;-4.526056353402626575e-01;-1.143298993644802142e+00;1.790297342647768186e+00;2.237986088810925089e+00;2.029177173919524790e+00
1.258040831552239069e+01;4.310756122021410341e+00;6.211143762404355506e+00;-8.206807111634182306e-01;4.400108798691857892e+00;4.480493298089660570e-02;2.739267909321279948e+00;9.212304120290781828e-03;-7.252078053042471106e-02;-1.648196353690942750e+00;1.127683956833717804e+00;1.245512983000087281e+00;1.495887772993749198e+00
1.308638264854973166e+01;3.321700839367273339e+00;5.903434865713641067e+00;6.508516004696267565e-01;3.415829847332048974e+00;3.001373768475120052e+00;1.319948453056439597e+00;-1.890560350700331016e-01;1.487654542715688866e+00;-1.849446654657974642e-01;3.538332379746202960e-01;3.824920910879932023e-01;3.681401711109061337e-01
1.298457802118116611e+01;-8.947476928284987530e-01;6.379435486384894105e+00;1.398506096909670315e+00;2.839392587069828888e+00;-1.947941329550153533e-01;1.992028619478723783e+00;7.767977216003886243e-01;2.477927277923856586e+00;1.507485669176517495e+00;-4.793110866481440357e-01;2.361099076718208067e+00;1.816769544274558834e+00
1.403338994273359397e+01;-6.443207100227170692e-01;6.705496756896959454e+00;1.309960600133235120e+00;3.391567164947466573e+00;1.576416129728976934e+00;2.571078972857276490e+00;-1.588285854938477071e+00;1.887996624401560020e-01;7.916185942746752913e-01;8.376812303824304751e-01;1.176494410878534236e+00;2.509007230504080699e+00
1.583054199764310432e+01;-7.737657006641796009e-01;6.958360374174334950e+00;1.130365263601938342e+00;4.572139208334002447e+00;4.624482088993473461e-01;1.367227838044842159e+00;-3.643268062410283115e-01;1.139049712442412154e+00;-5.351828412611103758e-02;5.186716390220167394e-01;6.480971379363185125e-01;2.465148664506669363e+00
1.547960869280672114e+01;5.257601453492659616e-01;5.821055823936197804e+00;1.247467695486367045e+00;1.996529111767618048e+00;-5.768370869476626694e-01;6.643376152103375176e-01;3.127830832251303761e-01;2.059150483763672490e+00;6.056426519751761939e-01;7.733640970551333149e-01;1.485295781551144501e+00;1.149100382004787146e+00
1.952002931660209128e+01;-4.067102695653125544e+00;8.220069148488363453e+00;-4.029782790608644749e-01;3.448363279371039702e+00;-6.120486692077760082e-01;1.678495792756049987e+00;-3.109873459015386477e-01;2.053305382003620672e+00;1.155375089127401056e+00;5.107559568484842938e-01;2.101067024728269672e+00;1.184087790929900574e+00
1.590642840114787759e+01;-3.164546185114728072e+00;6.528847906118024014e+00;2.965388671593904846e-02;3.154168815264630776e+00;-5.425477077534450743e-01;2.685985553484383281e+00;4.687763773100173115e-02;1.013539519877380002e+00;8.145364144634190673e-01;5.584171693518622526e-01;2.584244248565818580e+00;2.251642420685065815e+00
8.817509710097979791e+00;1.982132295803956890e+00;3.276640976578186315e+00;1.965675508038001063e+00;2.226979817306367515e+00;2.223893708904094879e+00;3.005268051646522665e+00;2.814039508089779762e+00;3.968797033989401868e-01;1.915809457410647454e+00;2.248159634210450619e+00;5.986960952227615707e-01;2.823888250998856653e-01
6.513954533819579673e+00;4.651385069787496107e+00;4.460475003926548609e+00;2.991628580568439943e+00;2.084517699369480503e+00;3.925405498790138559e+00;1.321264037246379308e+00;2.113010534352375291e-01;1.011121349138063952e+00;3.213142254108681817e-01;1.598469191370987641e+00;1.409226179719919925e+00;1.602077849107031549e+00
7.623814307146853153e+00;2.598094300861639727e+00;7.088516256256667702e+00;1.756201064354279362e+00;2.071651254047123913e+00;4.099722616139570563e-01;1.494329121348909606e+00;7.411284793339634192e-01;1.616772795178668787e+00;1.132581853919565340e+00;1.253169790506318382e+00;2.143801736059686824e+00;5.865019680280900705e-01
7.564537950177706804e+00;2.988571858810392889e+00;5.876578456773535741e+00;1.727567975766108210e+00;1.916119475165464214e+00;8.578610713518453057e-01;1.780872485780458758e+00;-2.208621310845062524e-01;1.405110404558708170e+00;1.640432595366279056e+00;2.270810317792778310e+00;2.515559295650921179e+00;-7.648124286002366823e-02
1.687597319075206315e+01;1.939865796852234814e+00;5.861270019236352269e+00;1.317168976213523024e-01;3.619958396465551509e+00;1.141101940683622473e+00;1.145260916749760050e+00;-1.142577026920431837e+00;1.368705680099980615e+00;-2.998320779079838294e-01;1.445716799826240351e+00;1.403509945758035560e+00;-5.538096217172363556e-01
1.920177598605107505e+01;1.799343196659588529e-01;9.536912640303350841e+00;4.315725592597425830e-01;3.144366726452911820e+00;-2.953298044999322358e-01;6.459838961457236017e-01;-8.834412038126380207e-01;1.601157569150222892e+00;-1.732819398908836961e-01;1.478349682949911870e+00;-2.040660242333327268e-01;-2.860119101454446922e-01
1.924194011000195559e+01;-1.354005233671790265e+00;5.808456629919271030e+00;4.514942978143432484e-01;3.036328929739476656e+00;-3.173418466959534445e-01;1.339633925787036217e+00;-8.407571139196570176e-01;1.681167506570181880e+00;-2.788930618869215339e-01;1.932862267491261665e+00;6.618290315713641903e-01;4.339228839140436556e-01
1.554744562719743151e+01;3.819178534232761102e-01;4.126305972116659504e+00;3.485039697622629440e-01;2.731228905482304015e+00;1.154171992331944008e+00;1.635550836892738502e+00;-6.488158355676083566e-01;2.440330575230428511e+00;8.733501984749256764e-01;1.525989125761789023e+00;9.476617114184755497e-01;1.436934228895130561e+00
1.007259255805513654e+01;3.525164980584346353e+00;5.918494001373799662e+00;-4.088426858725576762e-01;2.133334211007013259e+00;1.403971806390321708e+00;1.064907386376993559e+00;1.159610100854898018e+00;2.383725807582816270e+00;-2.621363619448274784e-01;1.318941050675098037e+00;1.573151982085751799e+00;1.782719811147820854e+00
1.329205904834938856e+01;2.347723888757096145e+00;5.955836720007559038e+00;-2.917244323662648853e-01;4.176798219351504748e+00;1.580369741565013086e-01;-6.688775801828903411e-01;3.371465211415990426e-01;7.342744599827347174e-02;1.880962778845670424e+00;2.303886819144888687e+00;1.113790070485630057e+00;1.726713910846380262e+00
1.008077021422514186e+01;4.860693261939146304e-01;6.919128943957575828e+00;-7.929025001371627912e-01;4.538084704851597984e+00;1.617083808819459012e+00;2.256502468852698229e+00;2.139237354529377466e-01;1.236454152158697140e+00;2.975581932506889959e+00;2.169210635643345153e+00;1.261548528897594501e+00;4.108938575101167001e-01
3.511841426433723878e+00;3.900533809200484647e+00;5.047160265420974845e+00;4.175428580372823717e+00;3.627681456994281906e+00;2.031460276287958777e+00;9.190363827443470690e-01;1.171910532134445404e+00;1.219244618141992031e+00;1.588300031457360761e+00;7.741640553829640670e-01;4.749390607628294347e-01;2.091407720382010726e+00
1.480838500802196833e+01;8.303686646995331877e-01;5.346177284144109976e+00;-6.451805718561072212e-01;3.408200964574066738e+00;-4.684714494946093932e-01;1.392602334198347114e+00;-6.675667976289767491e-03;4.478636006047595486e-01;1.788194885289294600e+00;1.948772291161807946e+00;2.032547128270592474e+00;1.879146959750881418e+00
1.837324310201252686e+01;4.708917514795918358e-01;7.422743219125841563e+00;-5.652997859678396964e-01;3.559240437630795562e+00;-3.181197996287736807e-01;1.470741298237367101e+00;1.295893850418539106e+00;-1.182900012680274671e-01;1.062929690695203488e-01;9.386821471561718200e-01;1.137837147613706357e+00;-6.068421233985930030e-01
1.263929445842473953e+01;7.233770260212506464e-01;8.177968120678643871e+00;7.953894312008895628e-01;2.820989149347322034e+00;2.267796652444796113e+00;2.056755609895317694e+00;2.748027239046228587e+00;1.246244200528059176e+00;-4.005887861595849309e-01;3.984146572038469447e-01;-6.683496024359800725e-01;3.275234408254174001e-02
6.163699682961837567e+00;5.400196335557982508e+00;4.683874884457651433e+00;1.182148295223840684e+00;1.682638912446192236e+00;2.721093478348354022e+00;1.012038748708383729e-01;9.337637561696179311e-01;1.450772126854772193e+00;2.393400724816667324e+00;1.875316109124143704e+00;1.186523320784443225e+00;1.114864693368913251e+00
1.542687494591957886e+01;-1.591786162909739843e+00;6.696012025781726607e+00;2.146068754749692609e-01;1.831964435376837397e+00;2.097549733327608301e-01;2.389061667835463698e+00;-9.806369479934022859e-01;-5.724366676717365099e-01;8.938969389089737039e-01;3.120653903945259877e+00;2.749139899077921889e+00;1.640494706558981441e+00
1.392073370552378719e+01;2.757962621014540261e-01;5.578577853059466740e+00;2.439615544831062799e+00;-1.819096444097068055e-01;-1.484086453387312377e+00;2.896911380145971826e+00;-9.040144866795486456e-01;1.371779875052785425e+00;5.903161502765120749e-01;2.322067082372182512e+00;1.932754081178565064e+00;1.547841575479203202e+00
1.137216644794277265e+01;4.598962109833768075e+00;2.047585215538554770e+00;3.180171540276671927e+00;4.908552196362918618e-01;4.888639459386363573e-01;1.667083108508531142e+00;1.174105225030836586e+00;1.982506109116088489e+00;1.351660172626797163e+00;2.072533815292277648e+00;7.274701797385468849e-01;-2.069636305575717206e-02
7.815953270466740932e+00;-8.997566018838876190e-02;4.932361934041663787e+00;1.649851377658398510e+00;4.347316895416094340e+00;2.297398062748476466e+00;2.045270782957585798e+00;8.021359388283451075e-01;2.239379392780464606e+00;6.202024621645556568e-01;2.196013870750067376e+00;1.014188642193211809e+00;-2.783547621060712407e-01
1.271911862615310085e+01;1.950975066852649986e+00;4.017897395242255421e+00;6.657673615284727120e-01;1.946379573024002330e+00;2.716463116989355497e-01;1.245472528037492310e+00;9.679331470740325516e-01;2.113934307821589975e+00;6.638534793114885257e-01;2.842607524884160242e+00;5.139559039570141818e-01;2.197147267554971695e+00
1.376883487388501592e+01;5.617593645363244015e+00;3.832778743396853649e+00;5.160539885272763527e-03;1.549522393543597776e+00;-1.008882385064662213e+00;6.463396890606142309e-01;-1.379301111679680503e-01;2.858443645885006212e+00;1.921463485546125671e+00;1.696599058985928110e+00;2.829180617880848736e-01;7.894183378101993220e-01
1.404875599877706271e+01;4.586922858529180580e+00;5.581701234176851933e+00;-4.953853551793756527e-01;2.030226728061374608e+00;5.032878235286997182e-01;1.440946197766944659e+00;-1.583018053149420901e-02;1.526295779565527644e+00;7.509519779740476686e-01;1.289322825247249060e+00;8.196498129576050840e-01;6.069580376857436343e-02
1.519832813393187010e+01;3.869482069744169195e+00;5.220471263814825846e+00;1.290356255141213992e+00;7.864310211386279503e-01;2.053392397887021659e+00;2.614404977340157643e+00;1.889216537703697796e+00;2.336342720301312070e-01;6.713373673481165538e-01;5.705302838613551808e-01;-4.972412793160983502e-01;-1.147825743534390597e+00
1.520607496270384473e+01;4.707515784826913574e+00;3.800506883830508276e+00;-3.304432501352689844e-01;1.451974855449676527e+00;2.432345353978720315e+00;2.699298180190458307e+00;1.359160512408206678e+00;1.081024871620318573e-01;9.869596435653682498e-02;1.263017260436640088e+00;-6.936338921736950880e-03;-1.227482852171829508e+00
1.083013631192735282e+01;4.051408864873424776e+00;2.619404333689656639e+00;2.160801803536517962e+00;1.721489478093480407e+00;2.448555295304389201e+00;2.822841146126650269e+00;2.331728009746841579e+00;1.339463203580099071e+00;-1.557589426024262313e-01;1.471437369067834511e-01;9.393348331223276837e-01;7.337090381296085262e-01
6.797865057899646679e+00;7.726100445681616691e+00;4.036769583179149024e+00;2.105367038210141040e+00;2.769409667039883338e+00;1.842114878852825210e+00;3.036240982178521897e-01;1.884915743513220221e+00;4.337864065476099151e-01;6.587926425621033477e-01;1.239856728625836402e+00;-4.785478686381032243e-01;1.322624046663395614e+00
6.108405585988593955e+00;5.580674003399816563e+00;4.314103969503695346e+00;3.344363284394567426e+00;3.506947964060066258e+00;1.906595921733307719e+00;3.054781859920362663e+00;2.234185757497009206e+00;6.402274582909945888e-01;-2.442863253381128974e-01;1.764792641130655371e+00;-5.885873576290643339e-01;2.175967173628106099e-01
1.272180977065990071e+01;3.650954304303409170e+00;6.019434945938661130e+00;2.071903435800323656e+00;2.907105547621728014e+00;2.708553137280987677e+00;3.452540142217698005e+00;5.052193804096287710e-01;-4.451646656794492340e-01;2.342009016970260094e-01;9.619089003434212470e-01;-3.807488802808198236e-01;-1.032407963349581070e+00
1.436671139817450538e+01;9.404288086278178582e-01;6.342119110020167483e+00;-5.921466084088544690e-02;3.561408274731520773e+00;4.023448159825725234e+00;3.576356397322550951e+00;-1.155164403578909038e+00;-5.358906044807227875e-01;7.479718109369019041e-01;5.385777222301609823e-01;2.488847699681789871e-02;5.134144105457483231e-01
9.881377902942375613e+00;5.584618044348456323e+00;4.530335123260636365e+00;2.106791976498404662e+00;2.504921761192337559e+00;1.751997173543172970e+00;1.299382321453799172e+00;3.280531360817594555e-01;6.384801506224467849e-01;1.992939374737947578e+00;6.608210682798172364e-01;8.051650356793323970e-01;8.291299704511788660e-01
8.221804652196976093e+00;9.421507588495451557e+00;4.308049379729502526e+00;2.549676488065599766e+00;2.776112065233583781e+00;1.098355919669021574e+00;-4.739908823724586773e-01;-7.082851316579671930e-02;-4.580520736272322702e-02;1.526895736486738375e+00;1.903305049494100398e+00;6.353307802660024262e-01;3.542692397011440453e-01
9.294912911597448257e+00;6.461534154119778606e+00;4.850065525782598641e+00;1.392770096915694866e+00;3.524698622397274939e+00;4.736493469159631098e-01;1.938011765230579497e-02;8.926522228823445815e-01;-1.352419411208228284e-01;4.380059315388548091e-01;2.119104636155982657e+00;2.108870626598709386e+00;1.285798631470595810e+00
8.085254687913694838e+00;2.861227583076287218e+00;5.097971808702990160e+00;3.410779230921545224e+00;2.766191073112418852e+00;-2.824570825882102287e-01;8.374378665975805713e-01;1.590447540464745568e-01;1.590717038897319968e+00;8.158490832496163581e-01;1.921219333142136110e+00;1.826471672359361698e+00;2.594649825301224233e+00
1.415309659147304089e+01;3.095422167935497626e-01;5.932434450852194452e+00;1.045733132786838659e+00;2.479514523065022846e+00;4.057589249525435093e-01;2.556099740940401599e+00;-2.851702830767127717e-01;2.126296121884488244e+00;1.200852880045898408e-01;1.776152077344424818e+00;1.062085329948908585e+00;1.827547153073140196e+00
1.720094920340213207e+01;1.954828043597074405e+00;5.570260351163309309e+00;1.820389664282393571e-01;1.695334236091183167e+00;3.754281066104092623e-03;1.770033218093698846e+00;7.671345940036435884e-01;1.750905775053537727e+00;4.218753078735520967e-01;7.364080861574190395e-01;-5.385149252784338092e-02;1.257385314282661870e+00
1.307767829819971794e+01;6.005903053383885748e+00;6.030332829320434129e+00;2.500376345500929798e-01;2.521295130509559002e+00;7.272867121883175301e-01;2.224818055882644252e+00;6.601018046222513203e-01;3.318867356593389051e-01;1.685365587428234502e+00;2.707650368983351985e-01;5.410331508780252818e-02;-7.042016208723342885e-01
1.265665576802399528e+01;6.224650792548353628e+00;4.370262644795805507e+00;5.595292637125903745e-02;1.292748156763886991e+00;-3.358207290011565038e-01;7.341401259626023634e-01;5.052831287867973753e-01;2.004447024390919041e-01;1.910664441925990165e+00;1.296371692637027007e+00;1.807471910643365209e+00;5.853356475957252059e-01
9.403307099148616288e+00;5.461663416409002991e+00;2.881640112291641742e+00;2.683164539888545974e+00;2.006165106476771598e+00;1.722083428530579940e+00;1.614937314774247845e+00;1.109141129865098385e+00;1.175646343707927866e+00;1.687351834749534429e+00;1.527180409812276984e+00;1.787888189534022176e+00;1.601515071014962599e+00
1.333032283529746564e+01;3.937541269145681255e+00;5.154559810597577396e+00;1.290467320256026840e+00;2.165977365409207600e+00;7.252581615148514516e-01;2.723313214096577006e+00;8.581361218243322986e-01;7.907845567819914434e-01;4.582362081175491708e-01;-5.312599266919345586e-01;-5.888234611839751054e-01;8.436296261079827552e-01
1.835795903363001358e+01;-8.709642927138112611e-01;5.010096841253605326e+00;-1.438024467560739650e+00;3.718854915763916580e+00;1.450749363700646999e+00;2.446523478571305255e+00;6.403251873694547625e-01;8.887008916811228731e-01;2.495799180022797992e-01;6.359730528447400388e-01;5.478860643768748151e-01;1.458743395662505771e+00
1.521300908624609960e+01;-2.631062575403081194e+00;5.430963468915654957e+00;-3.069334660891849254e-01;4.878680745126194651e+00;1.629925629059488346e+00;2.609805493601263571e+00;1.717582158132996195e+00;1.481557469009684436e+00;3.554296746469752799e-01;1.398510537942942999e-02;-1.077631276023147233e+00;2.011507066522943976e+00
1.075557949047905737e+01;6.152791802260386689e+00;2.171348829187934815e+00;2.453353565895085353e+00;2.405336111415916633e+00;2.415927602503492366e+00;3.840566014802781147e+00;8.906147517341780340e-01;-2.773192737435498101e-02;3.536457469081569216e-02;2.431390649746904276e-01;-1.664044452080483349e+00;1.468533603152653466e+00
1.292913979799734392e+01;5.981318319638071479e+00;2.811159167479227783e+00;2.482219165948776229e+00;3.087600227159746247e+00;2.185921633916882545e+00;3.194482722680221709e+00;2.230444273246908193e-01;-1.216625644181818511e-01;1.511705141247133399e+00;-2.873951721935756876e-01;-1.734498995128527010e+00;5.502967416553211644e-01
1.244866900722292158e+01;6.177297995200871306e+00;4.380291266645987669e+00;2.950635362945695395e+00;1.513043237365294669e+00;-1.085526187005735332e-01;1.207550036044269248e+00;2.928426895030750710e-01;4.945545724570025725e-01;1.941919545270981651e+00;6.795315137371386038e-01;-6.024433958411445911e-01;7.545375179378623898e-01
1.310825760019116970e+01;2.527443714170825473e+00;5.647613157426766506e+00;2.499265920940090258e+00;8.066640418056806316e-01;6.694614483433718455e-01;3.573929279432578543e+00;-5.893289418799242396e-01;1.739939717617857706e+00;1.097159074355065655e+00;5.761582244210279313e-01;6.067632832288949452e-01;1.494631986643495836e+00
1.198649088641077753e+01;5.011551036915824042e+00;5.416922539858532559e+00;2.064919536170600978e+00;3.267154099670342982e-01;-2.394117125032875215e-01;2.047568506821140222e+00;2.758346733513151738e-01;1.337948898069417414e+00;1.936671286564118244e+00;7.784390959725021597e-01;5.549484121446467411e-01;4.464630762869110092e-01
1.174658769983943962e+01;5.909944519033888177e+00;5.957443912934331287e+00;1.225922070891952487e+00;6.831435053939149959e-01;-7.508861663393302521e-01;1.581468288069901362e+00;5.835615189069747188e-01;2.854622144577991349e+00;1.396910200485397269e+00;1.438692159255959613e+00;-4.884046976153161301e-02;7.827602838128071561e-01
1.024282326525242937e+01;3.551938227452943408e+00;5.956211820463465756e+00;2.731943257932525349e+00;2.037896561178335730e+00;-2.912356465272911699e-01;1.120744992062831624e+00;-1.131267628300157257e+00;2.766774282650962036e+00;2.005873652483876501e+00;1.312109059340677231e+00;6.645483839815655713e-01;1.063179785392674548e+00
1.983444194588656373e+01;-2.176831524801858819e-01;4.810901158605711991e+00;9.536808508603267232e-01;1.941601025855103968e+00;-2.908730789606214007e+00;9.716819247419583583e-01;-2.672366977553758183e+00;2.110453944850337216e+00;1.256904069721622719e+00;2.781395047522877917e+00;1.562950223360003221e+00;-1.363421752968617895e+00
1.622455533517813109e+01;2.577168174898476938e+00;4.249155114196838667e+00;1.571314746594255407e+00;1.891366366580095715e+00;-6.416039533936741535e-01;2.169994231534711382e+00;-1.817567360676671795e-01;6.510434669029959709e-01;9.155456905327064021e-01;1.598652488428512264e+00;1.462463086761198738e+00;-5.220080361455181617e-01
9.628950212504927109e+00;8.464146000262132929e+00;2.331953108977065980e+00;2.021724873520369670e+00;4.558056338114967465e-01;7.805923491546598036e-01;2.670468528909234696e+00;1.447292455805480049e+00;-6.445024613998381335e-01;4.732413479857523475e-01;1.655375945430194395e+00;1.240430201587027437e+00;1.388397567970003355e+00
1.349492671045183734e+01;3.491231866944140894e+00;5.113883244832117647e+00;-1.122732348499908106e+00;1.094314724776330294e+00;7.665950246372119636e-01;2.906577477687803501e+00;8.239686655372585600e-01;5.781324446076016033e-01;-5.798929489184964092e-01;1.608886111385792184e+00;2.429832793121122769e+00;1.221260625554092094e+00
1.607575829758597763e+01;9.342966556199436834e-01;4.482906520483873614e+00;-1.600304979077954881e+00;1.824293377623270596e+00;1.035650463437523205e+00;3.282208829414336115e+00;1.705421710115800238e+00;2.701046735366139373e+00;1.211952721961271351e+00;1.930973777062344965e+00;4.266283894341381666e-01;-1.807497525025628382e-01
2.072954200534806191e+01;-3.038270417899392672e+00;6.656075419214319666e+00;-1.081878643467687695e+00;3.646784719601820157e+00;1.412619251020458266e+00;3.734604161118222798e+00;-6.557441236072829582e-01;2.210797624979343734e+00;5.458524392809183112e-01;1.158208551601314085e-01;-5.053966958631941897e-02;-1.458705949672363944e-01
2.084128624960448306e+01;-2.824294530223748989e+00;3.852457846314611967e+00;-1.125575538957332755e+00;2.906740127919211325e+00;4.069597743790001054e-01;2.146529108000425179e+00;-8.495126913737509611e-01;2.858599741340755340e+00;-5.495319136158860474e-02;1.474497496101061511e+00;7.383853636272051935e-01;1.300689658554651906e+00
2.004996294042309657e+01;-4.021449837538029648e+00;4.788773526107045875e+00;1.081191840186983777e+00;3.741167999903186825e+00;-1.864073671306780700e+00;7.018956358922880945e-01;-1.428933032248995705e+00;1.979884507511460612e+00;-1.163410659608405950e-01;2.745753293205093648e+00;2.233247803246607877e+00;1.656472692493127674e+00
1.522460055971407833e+01;-2.780278116458923421e+00;3.946687607373889684e+00;-2.024309153860763821e+00;4.415380236105521661e+00;9.548741390796184891e-01;1.510433474286645650e+00;1.116140544036216875e+00;2.602407897458196118e+00;1.230542626454772970e+00;1.907878286565183545e+00;1.431766214209928334e+00;2.275021575603814128e+00
1.354475268552344502e+01;-1.911472057560945625e+00;3.266417616858273032e+00;-3.872479410516635134e+00;2.040652783377021606e+00;1.299385381482036417e+00;1.885472790244194785e+00;1.693985480245483899e+00;3.107701626081054158e+00;2.338270764639763133e+00;2.605658583722714194e+00;1.398319058556873884e+00;3.558425634478559196e+00
1.759631199747210673e+01;-3.012122269838282129e+00;3.403817822808281157e+00;-8.268210939065439025e-01;3.169237466656107394e+00;-1.193087050867789323e-01;2.543502213222168074e+00;4.066339171784378870e-01;9.216798679736091238e-01;2.206526931672961211e+00;4.054644978908444664e+00;9.858923721813486196e-01;1.195522168831389287e+00
1.620965120403172577e+01;2.078947643015085944e+00;4.752798858352448974e+00;1.436200571309394602e+00;3.696376770214517826e+00;4.602980367854849209e-01;1.243743535175180215e+00;6.497409653243243488e-01;-5.167920188124636161e-01;1.380506327578966408e+00;1.436154875210380544e+00;-5.176299719659714915e-01;4.203885300182234053e-01
1.581385250749432458e+01;2.470543622107136184e+00;5.188334530891227203e+00;9.026318315667474224e-01;3.998375604559936569e+00;9.238182016806592012e-01;2.381090152581253339e+00;1.115985067213588922e+00;-9.077162395163784758e-02;-5.736069739032892967e-01;-3.768532349388046265e-01;5.611259538347468379e-01;8.692492588755842409e-01
1.412556595706730178e+01;1.385466889279595382e+00;7.071379704190089655e+00;2.152987356831713939e+00;2.826879299106002996e+00;-2.513477033762208102e-01;1.837913911212039064e+00;-2.602583012806068963e-01;1.882706897326530626e+00;6.590864962824207751e-01;1.220611490246893416e+00;1.017083026318179595e+00;2.853890192780985102e-01
9.479681152214102013e+00;5.048874496220562946e+00;5.114152647116718242e+00;2.738731018572775344e+00;2.322879350879395677e+00;3.307828756775950119e+00;2.286166414146702408e+00;-9.356379470645403984e-01;-6.445350272951810844e-02;-1.157606258736197519e-01;2.591370888102226266e-01;4.352925376857872397e-01;1.791908369251097755e+00
7.402915893651090151e+00;8.357185122842833991e+00;1.359145476262394236e+00;1.475584842373211414e+00;1.516209541570738617e+00;1.272977518173187939e+00;2.044211419328025414e+00;-2.274055963547392256e-01;7.938822261564379978e-01;2.306327471830845965e+00;1.930595242987842575e-02;1.702264055258703168e+00;2.292915876342555226e+00
1.285890081825750997e+01;3.099225089075766437e+00;3.511891841295982086e+00;2.755410887484011084e-01;1.337382292761056357e+00;2.568511435380440577e-01;1.505781591614799853e+00;6.077566826978568759e-01;1.973005138491644717e+00;1.995054009360804237e+00;1.223917072947266149e+00;7.569842785861113921e-01;2.778762153333388163e+00
1.363694957661131646e+01;8.248479205924290625e-01;7.703653628577081136e+00;2.537729088064144101e+00;1.710418855089563595e+00;-2.038121139673470417e+00;7.570206275315440880e-01;-5.745849233411034485e-01;2.273091436469595994e+00;2.143778235508432495e+00;2.752949079334073623e+00;6.656282623675872090e-01;1.519843310474513931e+00
9.622044041093808175e+00;4.428539390174326407e+00;5.056764425059925294e+00;1.185941551962211404e+00;1.160609897147131031e+00;-1.078958474952171898e-01;3.354406417038491295e+00;1.665782485871756258e+00;1.528549061263859254e+00;1.751324105972535516e+00;3.021738661211474497e+00;1.373736801593587797e+00;-5.868714397638068458e-01
1.280259720274906954e+01;1.058216755688869082e+00;6.576932342134943710e+00;1.746236480783245781e+00;2.887465356552340268e+00;-1.789260283974967169e-01;2.543383655518847597e+00;2.743006956289640641e+00;3.744988742156856176e+00;1.114721925059118490e+00;8.099972031919502324e-01;-1.209908002539215044e+00;-1.386535893935367802e-01
1.407861464749258928e+01;3.052846823439393731e+00;6.166210344018328016e+00;5.455065551150374281e-01;2.253326201008473806e+00;-1.270669291008786228e+00;1.212961410659426864e+00;9.296492666079245737e-01;1.676352203995655543e+00;4.945897390631967538e-01;-2.570298136590348781e-02;1.141966168335308396e+00;3.355374098622196044e+00
1.169380213476059183e+01;4.713660376850850042e+00;7.560526228219467626e+00;-2.512144701372054367e-02;1.240504108353178037e+00;1.730871032876466487e-01;2.006247085217906179e+00;6.048883017360847658e-01;1.879057831107088461e+00;6.221847789209602464e-01;3.146924564702098803e-01;1.639579735806585559e-01;1.716334903933394607e+00
1.369536739125757485e+01;5.477115317879922785e+00;5.695694947128718155e+00;1.916833185986455357e+00;8.532521062041611426e-01;-8.160556342904935478e-01;7.918433092138209561e-01;1.895133168880542174e+00;1.898411444700925044e+00;9.656906166443020023e-01;3.417103871826106531e-01;1.013932422526394372e+00;2.496710270186156544e-01
1.744248526025362267e+01;6.140388114898980287e-01;3.495256591421195935e+00;1.065987943860001952e+00;4.445979593954128006e+00;-2.455720567516972874e+00;8.182544915445739697e-01;1.989822939953686198e+00;1.821460775735207704e+00;1.079150189602663401e+00;8.315160607452848351e-01;1.220642364266189217e+00;8.411961250397934631e-01
1.399169594590694743e+01;1.922514770130182571e+00;4.851353901681721759e+00;7.474722436347147614e-01;3.221124253530396331e+00;5.387448052959675771e-02;8.616179288801315561e-01;3.252232948719087080e-01;9.464729786489356478e-01;5.559160427151440542e-01;1.991118238724010947e+00;1.612029739040707454e+00;1.956059948839309115e+00
1.355715010183176972e+01;5.485250873832586471e+00;7.182348288588729979e+00;1.267157502771921074e+00;2.613157686367446164e+00;-5.197093634267311302e-01;-8.167940860338780418e-01;8.699273106655081023e-03;1.783093124572844301e-01;6.662033560216533701e-01;1.446387353832430112e+00;1.662071355972476905e+00;-4.253527851032350426e-01
1.523848963733688500e+01;2.941138928417718290e+00;7.904624987008620707e+00;-2.961503637931635957e+00;3.249834666496657753e+00;2.375681919398212383e+00;6.232160291798551910e-01;-8.280943226371031418e-01;1.800125123056486087e+00;1.149167712792900087e+00;3.327278248142272465e-01;1.562146623286867264e+00;-2.329827813375379142e-01
1.401055994103283098e+01;2.194994172653160103e+00;6.798738422110236712e+00;-1.047899376360394319e+00;2.323296635356623341e+00;1.258668863622566025e+00;2.001426781257814369e+00;-4.813250214584103848e-01;1.481427639880130487e+00;1.967459774346201229e+00;2.226399606381952445e-01;4.586897429698120199e-01;9.281008513111919100e-01
9.437414505549050148e+00;5.607684128776623034e+00;3.055158900699077584e+00;9.218254299225279169e-01;1.560376601491685999e+00;1.088779301735129934e+00;-4.323202504329681783e-02;9.417797645767598258e-01;1.877118169351066568e+00;7.790061442569458094e-01;1.505182335364366519e+00;1.110723876347513128e+00;8.190547925240194704e-01
1.413691848834774589e+01;8.744809580953374351e-01;3.857576321327425894e+00;8.004431800558027277e-01;4.174913693684543681e+00;4.317138938864428788e-02;1.790353715246642219e+00;1.363957660186437826e+00;-1.369400909151863299e-01;1.154170421708192062e+00;2.620772143271605348e+00;1.271454193889441475e+00;1.133862398886367417e+00
1.014256683585091245e+01;-5.961498118890125042e-01;6.824282022617004451e+00;1.650047507869536689e+00;2.501220060353517738e+00;1.776424526182373231e+00;1.962070081400228094e+00;1.673487803733813006e+00;-5.733622056553597801e-01;1.052133991145667302e+00;2.154982560432798788e+00;5.331770406082712022e-01;1.191881442782625866e+00
1.273463570053026039e+01;3.316553703164055733e-01;7.440809779544577118e+00;5.923133040964875251e-01;1.708510044894403723e+00;-7.397521030520812779e-01;3.385011763598360535e+00;2.698904270949471496e+00;2.826582033870417732e+00;2.100450851723703494e+00;1.412963622574172629e+00;-6.084482509876932843e-01;-2.741214149728569138e-01
1.529218502874006447e+01;-3.257841860952934709e-01;7.318057558089676284e+00;-1.560520493252259833e-01;3.140220121605011183e+00;-9.894010485553628165e-01;3.416387015205539779e+00;9.283262339400850660e-01;2.209529093722042425e+00;-1.166952387568073179e-01;3.141016132521691206e-01;-2.481295288473212013e-03;1.602371220739770841e-01
1.266746151184452529e+01;9.619668594851875643e-01;4.608447240181028803e+00;-9.076466564902107015e-01;2.241556574435678684e+00;9.478669658037801593e-01;3.861763617096840129e+00;3.219031935241861930e+00;2.548218212842081165e+00;3.822781336381659845e-01;8.641314829016690791e-01;1.857654038317965162e-01;1.541164950669698275e+00
1.363813286069894914e+01;1.631986268609882940e+00;4.880054256508961963e+00;4.481922763457268921e-01;2.626370541960881155e+00;2.474794780818395434e+00;3.221585637070640384e+00;2.385602036879439058e+00;1.825972217161176747e+00;8.096554198824520432e-01;9.217894561145395516e-01;-1.363311070467421837e+00;-1.367564140300231434e+00
8.977029885577335833e+00;3.517201252723776594e+00;4.489989825909513677e+00;1.870056153596851400e+00;1.404770962444468863e+00;2.718650603736102234e+00;1.856318807257810510e+00;2.169602135520071862e+00;3.863982773779814917e-01;1.865725657832369766e+00;1.319180129753078301e+00;6.096240655593003765e-01;1.053919988375846328e+00
5.868568101541026039e+00;7.503539362287711789e+00;8.131045133895362653e+00;3.781412053098136994e+00;2.439841439160614911e+00;6.060655205533838075e-01;5.759438619933074932e-01;1.882007461580512686e-01;2.976740304057338138e-01;3.842822280366775534e-01;3.314572742275807560e-01;1.245449866448238962e+00;8.888270966957007024e-01
7.751321815927139092e+00;5.184875417591665148e+00;6.628757709791108788e+00;2.849868653203831315e+00;3.472671117410279784e+00;1.395864470588966899e+00;1.570496059513932785e+00;-2.297859080458843350e-01;1.103411666322337226e+00;1.396151417036530118e+00;1.119078243509137094e+00;8.279844208070368250e-01;-5.782986909164578027e-01
9.066401291743892088e+00;6.399433451951185958e+00;5.164203539449990998e+00;1.362572916241732157e+00;2.392240309123569553e+00;4.495662795219295127e-01;1.304900260109282950e+00;5.267852220923792128e-01;1.124146797831960587e+00;9.569395864538611240e-01;7.293830066827114988e-01;3.820072889000312166e-01;2.261023539537778404e-01
9.854228419422375040e+00;5.391187335901558519e+00;4.969512561354160418e+00;-1.497869638845545914e-01;1.217256802314678810e+00;-9.478478149658410290e-01;1.014192700580000661e+00;4.084750000887424903e-01;2.451090983384720978e+00;2.180305254212569821e+00;2.857699188240896859e+00;1.297714274405797008e+00;1.401460510534661141e+00
1.061500371595559500e+01;6.675766567502590121e-01;5.354776586975100727e+00;-3.364609646590359104e-01;1.206765909545710391e+00;5.233324283516497255e-01;1.629317666183018876e+00;2.207470501208644853e-01;1.101523478679883539e+00;1.928209780249912519e+00;3.569377233822578432e+00;2.104517141543838399e+00;2.109075589401272488e+00
7.597752005996291302e+00;1.299585631550068676e+00;7.066589987073387924e+00;3.415663690707421152e-02;-2.403541258009448955e-01;1.602425692054326944e+00;1.902910096375345361e+00;1.968344550612250332e+00;-4.019718862985672825e-01;6.488619627010498991e-01;3.803848508698894904e+00;2.534824204232457134e+00;2.648198095229124860e+00
7.437651233031685294e+00;1.531097321945571466e+00;3.144621734775952859e+00;4.517673972948559324e+00;3.750119607213382888e+00;8.272611451627480683e-01;1.805383347182167864e+00;8.989137349341113081e-01;1.474930521866749000e+00;6.900368490935283594e-01;-7.714574395221879266e-01;2.792389698003732157e+00;3.679498140297596809e-01
1.222155046195969419e+01;7.891627014344688718e-01;6.174188977383958665e+00;1.147607999525120270e+00;4.944127575701551258e+00;1.765057106994842195e+00;2.153803773291945500e+00;1.225267389458229772e+00;1.115855868888787406e+00;-5.083644658232795432e-01;-6.710391871509202577e-01;1.132336535383464682e+00;2.747193035974463404e-01
1.363108204406285218e+01;2.318349571636510120e+00;5.873420809969282175e+00;2.471726480712346241e-01;3.346750421754570048e+00;-3.943052583424944135e-01;1.923161097045924306e+00;8.207660300273365017e-01;2.611600476304402618e-01;1.093745606538741422e+00;-3.950570356273088723e-01;-3.153840728786730940e-01;1.922963631377071714e+00
1.302816592178658084e+01;5.202809916090940234e-01;3.574821253406232024e+00;-2.078053359930038813e-01;2.836990242313322419e+00;-1.555239327650974612e-01;2.679520567703317369e+00;2.050538478781018359e+00;2.051445375313368569e+00;2.499526415860237272e+00;3.715041269185543893e-01;2.380411996656853768e-01;1.493623163073714011e+00
1.296994101207278582e+01;1.164374043846922113e+00;4.348044727884595950e+00;-9.404133641437660840e-01;2.649206969554312341e+00;5.796504003050728659e-01;2.352082000147017737e+00;3.682126104841716430e-01;1.429809862706764800e+00;2.128052818925157741e+00;9.012607532516515585e-01;1.727428604241689758e-01;1.234205881912119773e+00
8.262139700453854374e+00;3.431834987870160614e+00;4.106405667913154645e+00;-3.812811221522363070e-01;1.953615737459587276e+00;1.872673411029745605e+00;3.402951977812372686e+00;1.440959059952464205e+00;2.082430014715768607e+00;1.283567780267526270e+00;9.865016499494081437e-01;9.228537499797144772e-01;5.703073738868638110e-01
8.332898672195844014e+00;5.816173567587261672e+00;5.592260600085136701e+00;-4.584703226085801164e-02;4.779251975665322338e-01;7.462831788223360796e-01;2.376986977890263475e+00;6.438712361528546868e-01;1.695996421321178671e+00;7.684847020032803400e-01;8.043013374638301460e-01;1.917201210009676693e+00;1.984034285471360182e+00
1.147888381224075971e+01;5.588332566074551977e-01;6.359922531144583502e+00;2.932294237195985254e+00;4.281986715141646194e+00;-1.004111295790578229e+00;2.128224954945891589e+00;8.251854936129809914e-02;2.296400921812422169e+00;1.019088064894980938e+00;-7.433961527277643810e-01;1.806876196119309441e-01;-1.789705053052445816e-01
1.666802650845335876e+01;-2.289450256489411917e+00;6.311156564003843172e+00;1.769909284879580547e+00;4.920419657655043189e+00;7.995598427107741824e-02;8.151782585404753201e-01;-1.842630188647375045e-01;1.679220070865370396e+00;9.297930724111593825e-01;1.291560663216068661e-01;1.207926603796283693e+00;1.503811127128970693e+00
1.062176719246992285e+01;2.485691342777287094e+00;8.276880203572206440e+00;3.531586549461979807e+00;3.373373295129081129e+00;1.803339206155498919e+00;6.414984654564526156e-01;-1.191766931050801004e+00;7.398766890645092076e-02;-1.294110761266635823e+00;2.053446866979875551e-01;7.189671732234692580e-01;1.005050876235780377e+00
-3.546271550346529189e-01;9.998132316982548673e+00;5.733026765190458285e+00;4.906315209244509923e+00;5.497585949205117117e-01;2.024422685591308557e+00;6.325491986330625815e-01;1.161567777599289419e+00;8.355320993212977942e-01;8.012338559212159872e-01;2.171504598683083653e+00;9.913831128033032680e-01;9.538700981043179983e-01
1.115911667169482335e+01;3.178474124048004779e+00;7.475579105678198388e+00;1.352117511050753063e+00;3.344992703747668106e+00;4.950840841625504529e-01;1.014473420791850433e+00;-4.797169849989774693e-01;1.459303010539291678e+00;6.384037519979494091e-01;9.453166318713469574e-01;2.036334109438275863e-01;1.196688200780913869e+00
9.983476659048152513e+00;1.674414271817814548e+00;6.428699082645090712e+00;1.371057392944265985e+00;2.791657795925267749e+00;-1.919251309327210109e-01;8.501264241326746962e-01;-6.257710420782631733e-01;2.267182815223394599e+00;2.453696231265348526e+00;2.409730294330004963e+00;5.056012453665417183e-01;8.143382169551396377e-01
7.101482630405198115e+00;5.789158837359432930e+00;7.224139567269629580e-01;3.400731151266695118e+00;5.379750064080679905e+00;1.295469541844634698e+00;1.295124990296488310e+00;1.393558553571525582e+00;6.035468048453629386e-01;2.304763143123281566e+00;1.678705815613794172e+00;1.574988929379200098e+00;8.496490767257203203e-01
1.225844888150721523e+01;3.461572943837667005e+00;3.226428945911966828e+00;3.018151177705446830e+00;5.441672652457723913e+00;1.092753867921136823e+00;8.455161554842316463e-02;-8.285056870752389724e-01;-4.718448993688419968e-01;9.962354340180590295e-01;4.870680387608843365e-01;1.386748802927619373e+00;3.692271270186221477e-01
9.139503078694939830e+00;5.101688046435051582e+00;5.121427631164213956e+00;9.022567798129987882e-01;2.549325927569191741e+00;1.021259536064301088e+00;8.774399820020761798e-01;-3.616831013418866370e-01;1.189058688325477897e+00;9.459528168333994902e-01;1.009285620174538600e+00;6.269377607822761433e-01;2.136729506557749403e+00
1.431733420693837999e+01;3.731766991169215952e+00;7.421735613154741174e+00;-3.556194807122764701e+00;3.636667579244487136e+00;4.543020640052157222e-01;1.227861987792453702e+00;-3.253480723349625459e-01;1.888641910162238258e+00;1.088565633488862705e+00;1.512826837800860247e+00;3.881056036029063017e-01;-6.611121117916209933e-01
1.076171852910275284e+01;5.515282777605192699e+00;4.639264367941035694e+00;-2.002087740725495557e-01;4.375335460615291439e+00;6.146180152516358408e-01;4.800523798532901898e-02;1.232663736931359777e-01;4.682311586722232022e-01;1.510055016970896613e+00;9.838725923473478074e-01;5.431359869849580191e-01;-9.054647007002017967e-01
9.845137211289442192e+00;3.601911126678190467e+00;5.671272855802616419e+00;1.113678212496715947e-02;1.808499876637142290e+00;2.966672989384220305e-01;2.474448686890148963e+00;1.524420403801987067e+00;2.306540024989772508e+00;1.341126155488941540e+00;7.026398060801184453e-01;2.800828148519933336e+00;4.944376844943187965e-01
7.834687625012229262e+00;5.913795690388236714e+00;4.663431632755853151e+00;1.936960821009818368e+00;3.308623349925995383e-01;-2.118834005146880139e-01;1.481760224840255713e+00;1.507388540514529751e+00;8.060576340246149440e-01;1.381112090506599666e+00;1.762808636625851966e+00;2.659472962105977167e+00;1.049914808827432378e+00
9.396872022323970342e+00;7.682816045462113941e+00;1.806279686550362307e+00;1.111012697818410500e+00;2.183683002697703657e+00;4.080564761195523693e-01;3.141296401726830223e-01;1.775632492740390145e+00;1.056343515711718473e-01;1.158539068410290085e+00;1.633769948643016612e+00;1.158833260156348022e+00;2.120779881694231594e+00
9.766696901675544495e+00;4.230746266599924255e+00;3.038501782436954457e+00;1.639861930803698797e-01;2.697222627263773376e+00;1.129980622863970385e+00;1.545410390269004619e+00;9.504229044880800892e-01;9.862065747569903618e-01;9.991544517809278769e-01;9.058607544383177057e-01;1.199243220430153745e+00;2.415268515412992478e+00
1.574312457375211949e+01;2.811418313514704170e+00;4.679344303021943929e+00;1.989975406291577542e+00;2.495403968597455169e+00;5.878999874389538860e-01;1.866892409685198650e+00;-3.993120340808420377e-01;6.493619850347323030e-01;2.291945366785272109e-01;5.653381974235428542e-01;4.466602898860208004e-01;1.743291048616225636e-01
1.791423520982271711e+01;-9.386123993820727485e-01;5.353144107283233311e+00;1.033780381032422202e+00;3.635709880386405413e+00;-4.805387467098456433e-01;1.776462576781261848e+00;-3.398561446693024735e-01;1.389263677990324020e+00;3.168481741146116359e-01;2.496220991969983594e+00;7.287655736139904139e-01;4.925662991092161769e-01
1.599124085144659979e+01;-8.933459089058364277e-01;4.613756860324704334e+00;9.515406079735752032e-01;2.934459704201191954e+00;-6.714112658264860256e-01;2.688842602411350979e-01;-5.415266059304254531e-01;1.436508795023638818e+00;1.632592637851713935e+00;3.018014422041597644e+00;1.122473948360295903e+00;1.669557272529341496e+00
1.324963113803386960e+01;1.149667492196671414e+00;3.390408336227312969e+00;-1.395018477906769805e+00;2.726610430578291222e+00;-2.281207652675449449e+00;1.349464227438565089e+00;9.919299282677709328e-01;3.479784474537640726e+00;1.323399390078759952e+00;6.255915063090675687e-01;3.229004887106585286e+00;1.256998412475128113e+00
8.264361219191158625e+00;2.404547598916524365e+00;6.044133047553190252e+00;-9.761910409804905875e-01;3.251550886778591387e+00;1.260572925074228579e+00;1.182049195543201314e+00;1.400009551271440777e+00;2.862065330270812780e+00;1.372178922415591362e+00;1.619650909607262879e+00;1.800975849858880151e+00;1.532784821624183058e+00
1.272382876832545584e+01;1.995794823335342638e+00;6.421087147247353855e+00;-1.471487054672346417e+00;2.325580624821218745e+00;9.794354540777834295e-01;1.522914982269970796e+00;-1.418008912204713035e+00;1.908884495320817720e+00;7.236112720761761485e-01;6.292964713024918888e-01;1.509751292862463679e+00;4.889014506678192262e+00
1.003543828642377989e+01;3.198516432770476925e+00;6.159970921573892255e+00;8.197555200507622430e-02;1.228007230118497883e+00;2.793997728102801670e-01;1.596879371337091014e+00;1.255040656125051779e+00;2.060644944075285867e+00;1.058971119285623708e+00;8.153571900230929259e-01;1.212380562145457308e+00;2.718694932119205543e+00
2.072700435876902958e+01;-2.582699314791355949e+00;5.604254912695610713e+00;-1.790401556168509156e+00;4.497752609064351148e+00;-1.233824303255349752e+00;2.647381516001835244e+00;-7.668993549017377731e-01;1.107344381840909442e+00;1.096878841247065361e+00;1.835197284565127096e-01;1.288366488743947436e+00;9.630918079028000234e-01
1.963110890567558542e+01;-3.575278928302050296e-01;5.130471188745877598e+00;-1.158139223547473895e+00;4.761006677631018036e+00;-4.286081037219435785e-01;2.933135141606200591e+00;-4.679889916976892605e-01;6.660030944394502717e-01;-2.642100718283563188e-01;1.278652310309819295e+00;8.328790917420614281e-01;4.179704665603893310e-01
1.387407221484033215e+01;-4.541298823937247597e-01;6.040297163993468388e+00;-8.472519779920322236e-01;3.846841265171211610e+00;1.474415122159903113e+00;1.435117898939701764e+00;6.246232708521697319e-01;1.521742808607611241e+00;1.535219002888728701e+00;1.535903171707784898e+00;9.356311726450803334e-01;6.494103772113297701e-01
1.565080887216175221e+01;-4.192359293713932011e-01;7.496165188972810256e+00;-1.566998145968060197e+00;2.909237486084502056e+00;-3.714635763427300841e-01;1.925233292080145597e+00;6.860068538719410469e-01;2.217058634857379307e+00;1.775999441482253083e+00;9.498610744251906324e-01;-5.305828254802773536e-01;5.011814392513755934e-01
2.168087274289139899e+01;-3.661375177945650705e+00;6.658819601127250465e+00;-2.049171156394230309e+00;3.448761170756691641e+00;-2.779122016140159968e+00;2.203710287524687228e+00;7.856541385278310585e-01;2.614561868804373468e+00;1.090082732637702723e+00;1.902897998749131681e+00;3.679481127084239800e-01;1.260163779250447647e+00
2.028127878743912760e+01;-4.284537620881785358e+00;7.581351792287241764e+00;-6.870674227207178575e-01;2.816544983478321384e+00;-9.359476661558718824e-01;1.245983924492831019e+00;-4.218744343146769715e-01;1.780221054807409775e+00;-6.508907135783277287e-01;1.629414623442941190e+00;1.594475146971824131e+00;2.296564448755308074e+00
1.741276270533089843e+01;-1.798993659143084400e-01;4.594634062186972123e+00;-1.625682884558081964e+00;2.493147580970203059e+00;1.013187303062568212e-02;1.694088128909154500e+00;-5.007086904983153453e-01;2.078478262460090153e+00;4.232021356404574997e-01;4.276601664874269959e-01;2.087162198951532766e+00;2.079175180170765636e+00
2.000339860660777447e+01;-9.185319334724764140e-01;5.877358299473842251e+00;-5.870297949077691868e-01;4.374246232537832846e+00;-4.913969072370398816e-01;1.147273341674435398e+00;-5.525686793511710437e-01;2.364549004667394705e+00;3.556334347586344591e-01;-1.470865748816127527e-01;-2.182241958001063242e-01;2.377091127468275999e+00
2.062157497963329078e+01;-3.431764223702635785e+00;4.788933442440868049e+00;-1.486688093324651128e+00;3.695514211382934455e+00;3.406159682701594971e-01;2.158225824692188155e+00;-4.296620688769321461e-01;3.200512123260223607e+00;7.593789715426851883e-01;9.215105766737990978e-01;-3.030254370790952390e-02;1.765061164108125968e+00
2.034909610440301009e+01;-3.439315498121537473e+00;5.587818934332062781e+00;-1.146457468117409784e+00;2.251127403555758022e+00;1.263067537604918300e-01;3.075994213934281518e+00;6.113217107484070212e-02;2.990378373243136600e+00;9.763614218118776833e-02;7.252767321408830625e-01;-1.745003988128005501e-01;1.892918049529967117e+00
2.337255923713671990e+01;-1.512622181298151514e+00;4.861422640874470957e+00;-5.052328445612539465e-01;3.646979374813156483e+00;-1.802452800909605912e+00;1.858256407931338394e+00;-1.163876153942128844e-01;8.464015375874751612e-01;-3.683781680280603377e-01;6.869726680340290104e-01;-3.490281155473240471e-01;1.733261375820424943e+00
1.671218532548540026e+01;-9.052259178648407456e-01;4.497681148351715841e+00;7.283191061971181490e-01;4.240126894489140597e+00;2.004214354728619529e-01;2.498366831673446420e+00;5.761236664382431982e-01;1.616201456914783563e+00;-5.681203867201087832e-01;1.160000206089275121e+00;8.148496316932157812e-02;9.178792802239432724e-01
1.265275727712716858e+01;1.291189864154277167e+00;4.268847613475068137e+00;-1.212171683135953248e+00;3.541290308322220692e+00;-6.686854268940112256e-03;1.466737066795614552e+00;1.326353101359065256e+00;2.743547984395349637e+00;-7.668097809542284704e-01;2.774602442631697308e+00;9.124999417647030597e-01;1.586851994664350674e+00
9.951895121433125269e+00;3.174836001949479680e+00;5.871583924812101785e+00;2.365229604815968667e+00;2.083921867491394853e+00;-7.088966245834977808e-01;5.421659434979262393e-01;1.849063798600301123e+00;1.880156403877730309e+00;3.435307148314853398e-01;1.758330085459735681e+00;1.123104526108192891e+00;8.203511898183264428e-01
1.693857134026060507e+01;1.334220271746990871e+00;5.696935291739633200e+00;3.306746969074625397e-02;3.519925891774752902e+00;9.450415583369180528e-01;2.041909870806153826e+00;2.864871461363638350e-02;-1.924037827784642607e-01;3.493386524670084592e-01;1.320254046201823517e+00;3.775837634798234754e-02;3.852143131536640008e-01
1.671342828957423876e+01;-3.004947400569504268e-01;7.102597501697363924e+00;5.944676786276144043e-01;3.763113961533896656e+00;-4.418405833848531028e-01;9.879662743054311580e-01;4.519512099956136120e-01;5.647797517282655555e-01;2.739958084473093081e-02;1.507187605889778181e+00;4.555695714220426296e-01;4.228757423702929619e-01
9.595239409222296345e+00;1.865039635567922627e+00;5.980043836217792119e+00;-2.800999705185156508e-01;2.111682316544378324e+00;5.891050142061462491e-01;2.590671686658491346e+00;1.497462597352625213e+00;1.096273046961583564e+00;1.740608387477952990e+00;1.257061969064100504e+00;2.331958257215468677e+00;1.505563005025247758e+00
1.336179215271407017e+01;-4.755745130596644721e-02;3.383319649858968603e+00;4.563389468128398185e-01;4.115290257175786337e+00;9.424560703973399178e-01;2.240607754094487092e+00;1.878736921916482894e+00;-8.112541094856349222e-01;1.544236079025358865e+00;1.585103626331545446e+00;2.154118255282378769e+00;8.422648285197885665e-01
1.449819750507652039e+01;-1.322234625039540035e-01;4.000391121031420028e+00;8.379175653665295043e-01;2.210196662611260798e+00;4.589880823640328789e-01;1.403220340196165816e+00;3.155200136401521416e-01;3.068489263967502101e-01;2.284831588167114624e+00;1.874711603160603479e+00;1.963872642998766516e+00;1.446293131011811450e+00
1.612124931922876314e+01;-1.785745880199245406e-01;5.776913765636823683e+00;-2.077674079010820574e-01;3.461421970467802645e+00;4.181444538005399947e-01;5.787730850288241857e-02;-9.396509701662791869e-01;6.316359716226158660e-01;1.864615670451322593e+00;2.191568279723406398e+00;8.071281337117731658e-01;1.747693872274047155e+00
1.809190267213340775e+01;-3.002588122716324470e+00;5.984246365054443295e+00;-1.366442645119187116e+00;2.944345365778650692e+00;-9.893898580270104048e-01;1.372186753568589879e+00;1.836478092367439530e-01;1.630781549078985648e+00;1.592673664652946908e+00;1.045360787719507467e+00;1.175693075741359728e+00;2.706114154417173623e+00
2.182296452150100663e+01;-1.775323366479599319e+00;8.228846406200590380e+00;-1.609379957232741409e+00;8.471454473696560239e-01;-4.521089940361390780e-01;2.951284002440774379e-01;-2.182564792716659152e-01;2.352406307436761601e+00;-1.578484861490800362e-01;3.383829653760616618e-01;1.753586466997172355e-01;2.456905257718464242e+00
2.175856799839932876e+01;-1.149205037940205010e+00;5.107337319570122602e+00;-5.519094401413031648e-01;2.999767652654629302e+00;-4.879623765658289702e-01;2.478484424481128379e+00;-1.022044198957018812e+00;3.537035574271703009e-01;2.953864452212268121e-02;9.521945479653959321e-01;-7.870905080478152183e-02;1.143246073072316182e+00
2.173420580180959405e+01;-3.678995999060374000e+00;7.300603994261029683e+00;-2.343893372814624954e+00;2.856990561630983194e+00;-8.648937774801845890e-02;3.311452240371540068e+00;-5.204482655586259998e-01;1.986703612974644484e+00;7.790347775598217561e-01;9.770722763200828664e-01;-3.534594082729430875e-02;-1.731250347673423673e-01
2.001118719960479098e+01;-2.195516711401527932e+00;5.208577473794267831e+00;-7.556540486799181444e-01;2.327323681258128829e+00;1.312585316852439288e-01;2.068627377983776050e+00;-9.397350147400262976e-01;1.505906597416788451e+00;2.075114980207687143e+00;1.179925351813938761e+00;8.067089097518064245e-01;8.400242826172917843e-01
2.302309403128760579e+01;-2.557828526870589148e+00;3.907035552247659194e+00;5.095089122633007506e-01;2.493000183245192680e+00;-1.217812327947506379e+00;3.104891447986690256e+00;-2.999251453021201108e-02;-8.681900679837561974e-02;5.717589976264345619e-01;2.688896296956763687e-01;7.601050289113453484e-01;1.816988427985610999e+00
1.972540704001909262e+01;-6.336246907230249192e+00;5.690017976562026902e+00;1.886883617199670349e+00;4.369586972496730226e+00;-1.047838489307778564e+00;2.272893238998387133e+00;4.551505382712458525e-01;2.145054211484478834e+00;3.467325598614560689e-01;1.014424085553711219e+00;8.376000716853977401e-01;2.400391730546989066e+00
1.759354696339165613e+01;-3.945765617621939114e+00;4.442325689977506542e+00;4.552772976071390865e-01;3.990793203511712850e+00;2.229142997135847848e-01;1.930105031884719935e+00;9.483905665444614108e-02;2.188920669330276070e+00;3.265286753443412682e-01;1.931331852455125064e+00;2.552792530829527173e+00;4.378903212518752142e-01
2.056085031974438593e+01;-1.805551915205899860e+00;4.088505935107794365e+00;-1.108065587520880246e+00;4.610843329847119421e+00;-1.480999832606344491e-01;1.958143716707201332e+00;-1.926245421963714843e-01;2.225969999233812224e+00;8.236080629185930091e-01;1.134856518342524989e+00;9.407127644842969705e-01;-5.861882651277361411e-01
1.959221100884779432e+01;-4.899583117414425537e-01;6.235904884459724684e+00;-7.923275772721287691e-01;4.427084265190526224e+00;-1.681197447894114960e+00;2.416433751350509418e+00;-2.607640916866662550e-01;2.035643469442329767e+00;1.939110940317216869e+00;1.218369080849279307e+00;-6.503255326325183550e-01;-9.075288450918039818e-01
